官方名稱,公司網址,員工人數,資本額,產業類別,產業描述,備註
華厚股份有限公司,https://www.hualiteq.com,70,50000000,電子通訊／電腦週邊批發業,軟體系統解決方案與資訊設備服務商,
宇瞻科技股份有限公司,http://www.apacer.com,600,1200000000,電腦及其週邊設備製造業,工業用SSD、記憶體模組DRAM、IoT物聯網 與 消費性數位產品等設計及製造,
Advantech_研華股份有限公司,http://www.advantech.com.tw,9430,8500000000,電腦系統整合服務業,電腦系統相關業,
明門實業股份有限公司,https://www.wonderland.com.tw,13000,1300000000,其他運輸工具及零件製造修配業,嬰幼兒產品的設計、製造、全球銷售,
智域國際股份有限公司,http://www.i-planet.com.tw,33,95000000,電腦系統整合服務業,資訊服務業,
安勤科技股份有限公司,https://www.avalue.com,320,700000000,電腦及其週邊設備製造業,B10 電腦系統製造商,
宅急網股份有限公司,https://www.jgnet.tw,102,30000000,電信相關業,提供住宅大樓用戶寬頻上網服務。,
李奧貝納股份有限公司,https://taiwan.publicisgroupe.com/,230,5000000,廣告行銷公關業,工商服務業 - 廣告代理商,
川圖有限公司,https://chutu.com.tw/#about,,,網際網路相關業,網際網路相關業,
優玩科技有限公司,https://www.104.com.tw/company/1a2x6bn7f4,10,3000000,電腦軟體服務業,電腦軟體服務業,
網際威信股份有限公司,https://www.hitrust.com.tw/,200,200000000,電腦系統整合服務業,金融科技、人工智能,
雙成數位行銷股份有限公司,https://www.double-cash.com/,11,5000000,多媒體相關業,多媒體相關業,
華威數位財金科技股份有限公司,http://www.hwitech.com,100,200000000,電腦軟體服務業,電腦軟體開發及維護,
Kronos Research_麒方有限公司,https://kronosresearch.com,122,29900000,電腦軟體服務業,電腦軟體服務業,
創星物聯科技股份有限公司,http://www.trans-iot.com,,100000000,網際網路相關業,車聯網、數據、保險科技應用,
威睿科技股份有限公司,https://www.genie-networks.com,90,200000000,電腦軟體服務業,威睿科技以自有品牌Genie Networks研發及銷售網路及資安解決方案，客戶遍及亞洲及歐洲各大電信網路運營商，歡迎有能力、有理想的您加入我們的團隊。,
始祖鳥科技有限公司,https://www.goodarc.com/,24,5100000,電腦系統整合服務業,電腦系統整合服務業,
圓展科技股份有限公司,http://tw.aver.com/default.aspx,600,900000000,光電產業,全球智慧與互動式教育、智慧辦公室解決方案.,
鴻海集團_英屬維京群島商承煒科技有限公司台灣分公司,https://www.rayprustech.com/,,,光電產業,光電產業,
全景軟體股份有限公司,http://www.changingtec.com,170,100000000,電腦軟體服務業,軟體研發/系統整合相關產業,
香港商榮誠台灣有限公司,http://www.epfootwear.com,35000,,鞋類／布類／服飾品零售業,國際型現代化管理之鞋業代工業,
HCL Technologies Taiwan_台灣愛渠西來技術股份有限公司,https://www.hcltech.com/,220755,40000000,電腦軟體服務業,IT Services and IT Consulting / Information Technology Services and Consulting Company,
DELOITTE CONSULTING_勤業眾信管理顧問股份有限公司,https://www2.deloitte.com/global/en/services/consulting-deloitte.html?icid=top_c,300,,工商顧問服務業,工商顧問服務業,
凱健企業股份有限公司,http://www.kjump.com.tw/,1000,200000000,醫療器材製造業,電子醫療產品製造業,
旺玖科技股份有限公司,http://www.prolific.com.tw/,,800000000,IC設計相關業,IC設計業,
核果智能科技股份有限公司,https://www.walnutek.com/,10,2000000,其它軟體及網路相關業,其它軟體及網路相關業,
育碁數位科技股份有限公司,https://www.aenrich.com.tw,74,50140000,電腦軟體服務業,資訊服務業/數位學習產業/績效管理系統/企業人才發展專業/科技業/軟體業,
英屬蓋曼群島商譜瑞科技股份有限公司台灣分公司,http://www.paradetech.com,755,800000000,IC設計相關業,IC設計公司,
洞見未來科技股份有限公司,https://www.otoadd.com/,50,200000000,電腦軟體服務業,AI技術解決方案、產品系統設計,
東森健康生技股份有限公司,https://www.104.com.tw/company/1a2x6bn9dx,30,,其他醫療保健服務業,其他醫療保健服務業,
Allion_百佳泰股份有限公司,http://www.allion.com,600,300000000,消費性電子產品製造業,品質諮詢顧問、客製化軟硬體驗證解決方案、第三方標準認證、品質驗證與測試、治具研發代理,
台灣智園有限公司,https://www.wisdomgarden.com,28,,電腦軟體服務業,資訊軟體服務業,
承展國際股份有限公司,https://www.104.com.tw/company/w1oaj2w,2000,300000000,其他紡織製品製造業,紡織成衣業,
承暉資訊整合股份有限公司,https://www.crm.com.tw/,42,50000000,電腦系統整合服務業,電腦軟體服務業,
AIR SPACE_新地國際股份有限公司,https://www.airspaceonline.com/,420,,鞋類／布類／服飾品批發業,電商及門市零售相關產業,
緯謙科技股份有限公司,https://www.wiadvance.com/,,200000000,電腦軟體服務業,提供雲端服務解決方案之資訊軟體服務業,
華南商業銀行股份有限公司,http://www.hncb.com.tw,8100,97900000000,銀行業,金融證券產險相關業,
鴻華先進科技股份有限公司,https://www.foxtronev.com,,17400000000,汽車及其零件製造業,汽車及其零件製造業,
雷亞遊戲股份有限公司,https://www.rayark.com/zh/,200,35200000,網際網路相關業,遊戲開發,
高曼計量財務管理顧問股份有限公司,https://gammaparadigm.com/,10,50000000,其他金融及輔助業,金融科技業,
萬達人工智慧科技股份有限公司,https://www.wonders.ai ,30,20000000,電腦軟體服務業,電腦軟體服務業,
英屬維京群島商積嘉半導體股份有限公司台灣分公司,http://www.gsitechnology.com,45,33000000,半導體製造業,半導體相關業,
梭特科技股份有限公司,http://www.saultech.com.tw/,100,400000000,半導體製造業,半導體精密設備研發、製造、銷售與服務,
鋒測科技股份有限公司,https://www.keenlity.com,,1500000,網際網路相關業,軟體測試顧問，開發軟體測試相關系統,
系統電子工業股份有限公司,https://www.sysgration.com/zh-tw/,600,1500000000,電腦及其週邊設備製造業,電子零組件業,
新逸資訊科技有限公司,https://www.neux.com.tw/,25,5000000,其它軟體及網路相關業,創新服務設計與開發、使用者體驗洞察與系統建置、顧問服務到系統規劃的一站式解決方案提供者,
茂傑國際股份有限公司,http://www.mct.com.tw/,120,300000000,電腦及其週邊設備製造業,電腦週邊相關業,
盈萃科技股份有限公司,https://ying-trade.com/,10,6000000,電腦軟體服務業,電腦軟體服務業,
艾帝浦杰股份有限公司,https://www.104.com.tw/company/1a2x6bivmc,60,30000000,電腦軟體服務業,電腦軟體服務業,
昱陞半導體股份有限公司,https://www.alfasemi.com,20,100000000,半導體製造業,半導體業,
旺矽科技股份有限公司,http://www.mpi.com.tw/,1800,900000000,半導體製造業,H-0半導體相關業,
乾坤科技股份有限公司_台達電子集團,http://www.cyntec.com,12000,22000000000,被動電子元件製造業,被動電子零組件業,
德律科技股份有限公司,http://www.tri.com.tw,950,2500000000,電腦及其週邊設備製造業,電子產業的最佳品質伙伴-自動測試設備 (自有品牌，行銷全球),
百睿達有限公司,https://botrista.com/,,21000000,自動控制相關業,"自動控制相關業, 資訊軟體服務業",
保誠人壽保險股份有限公司_總公司,https://www.pcalife.com.tw/zh/,700,17900000000,人身保險業,A07 人壽保險業,
旗標科技股份有限公司,https://www.flag.com.tw/,65,50000000,消費性電子產品製造業,叢書出版及AI人工智慧產品研發,
鼎恒數位科技股份有限公司,https://www.mayohr.com/tw,140,200000000,電腦軟體服務業,電腦軟體服務業,
大眾電腦股份有限公司,http://www.fic.com.tw,100,1800000000,電腦系統整合服務業,車載電子設計製造及智慧監控解決方案,
勤美股份有限公司,http://cmp.com.tw/,300,3800000000,其他金屬相關製造業,鑄造、精密加工、貿易物流、住商不動產、百貨零售、飯店休閒,
皓展資訊股份有限公司,https://www.hzn.com.tw,40,30000000,其它軟體及網路相關業,資訊系統整合服務,
愛卡拉互動媒體股份有限公司,https://ikala.ai/zh-tw/,200,,電腦軟體服務業,電腦軟體服務業,
數位身分股份有限公司,https://authme.com,35,100000000,其它軟體及網路相關業,軟體及網路相關業,
精拓科技股份有限公司,https://www.fintek.com.tw,60,300000000,IC設計相關業,IC設計,
初陽科技有限公司,https://www.originlight999.com/,32,4000000,電腦軟體服務業,電腦軟體服務業,
晶錡微電子股份有限公司,https://www.acschip.com/,,100000000,電腦軟體服務業,電腦軟體服務業,
台達電子工業股份有限公司 _DELTA ELECTRONICS INC.,http://www.deltaww.com/,88000,40000000000,其他電子零組件相關業,電子業,
兆豐證券股份有限公司,http://www.megasec.com.tw,1500,11600000000,證券及期貨業,金融證券產險相關業,
104測試_VIP公司(請勿應徵),https://www.104.com.tw/,104,,電信相關業,104測試_VIP公司，請勿應徵投遞,
漢民科技股份有限公司,http://www.hermes.com.tw,1200,1500000000,半導體製造業,半導體製造與光電製程設備、技術服務及零件銷售等業務,
滿拓科技股份有限公司,http://deepmentor.ai,25,100000000,電腦軟體服務業,電腦軟體服務業,
薩爾文科技股份有限公司,https://solwen.ai/,10,5000000,其它軟體及網路相關業,其它軟體及網路相關業,
沙漠魚科技股份有限公司,https://www.samoi.com.tw/,30,60000000,數位內容產業,策展企劃、IP打造、動畫設計、⼯業設計、網頁設計、品牌設計、程式開發、互動媒體設計、硬體規劃、AI互動內容應⽤、專業設備租賃、平面設計,
凱衛資訊股份有限公司,http://www.kway.com.tw,135,300000000,電腦系統整合服務業,專精證券金融專業軟體開發暨服務,
布魯克斯自動化股份有限公司,http://www.brooks.com,120,100000000,半導體製造業,B02 半導體相關業,
聯策科技股份有限公司,https://www.synpower.com.tw,320,300000000,其他半導體相關業,印刷電路板等智慧製造製程整合、電子產業自動化設備及印刷電路板原物料業務,
戴克智慧股份有限公司,https://www.104.com.tw/company/1a2x6bmq9g,6,32700000,醫療器材製造業,醫療影像分析服務、AI軟體研發、邊緣/行動運算平台,
TutorABC_麥奇數位股份有限公司,http://www.tutorabc.com,,,數位內容產業,數位網路資訊業,
環匯台灣科技有限公司,https://bbpos.com/about-bbpos/,,,電腦軟體服務業,電腦軟體服務業,
富萱科技股份有限公司,http://www.aiunion.com.tw,,21200000,電腦軟體服務業,Ai 智慧影像辨識應用系統開發與服務,
遠雄房地產發展股份有限公司,https://www.farglory-realty.com.tw/,400,200000000,不動產經營業,不動產銷售、租賃,
雲端力鍊股份有限公司,https://www.fitbutler.ai,30,30000000,其它軟體及網路相關業,軟體系統開發,
東森新媒體控股股份有限公司,http://www.ettoday.net/,550,1000000000,網際網路相關業,網路媒體內容,
得勝醫學科技股份有限公司,https://www.topmunnity.com,9,67000000,生化科技研發業,生化科技研發業,
台灣經濟新報文化事業股份有限公司,https://www.tejwin.com/,160,100000000,工商顧問服務業,A02 企管人力及其他工商顧問,
叡揚資訊股份有限公司,https://www.gss.com.tw/,800,300000000,電腦軟體服務業,資訊軟體服務業,
景承科技股份有限公司,http://www.rawstone.com.tw,50,92500000,電腦軟體服務業,電腦軟體服務業,
簡單智慧科技股份有限公司,https://www.104.com.tw/company/1a2x6bma8w,30,66200000,電腦系統整合服務業,AioT監控整合及其他電信及通訊相關業,
緯德科技股份有限公司 (TechLink Corporation),http://phctw.com,220,,電腦軟體服務業,資訊軟體顧問業 - 軟體及網路相關業 - 電腦系統整合服務業,
艾新科環保材料有限公司,http://www.a-sink.com;https://www.atrustek.com/cis/home,,,其他電子零組件相關業,其他電子零組件相關業,
Kaiku_開酷科技股份有限公司,https://www.kaikutek.com/,,500000000,電子通訊／電腦週邊零售業,系統設計與電子產品買賣,
勢流科技股份有限公司,https://www.flotrend.com.tw,30,10000000,電腦軟體服務業,B20 軟體相關業,
博遠智能科技股份有限公司,https://www.bovicloud.com,40,58000000,電腦軟體服務業,電腦軟體服務業,
圖策科技股份有限公司,https://www.graphen.ai/tw/,,10560000,其它軟體及網路相關業,其它軟體及網路相關業,
敦泰電子股份有限公司,http://www.focaltech-electronics.com,850,2100000000,IC設計相關業,IC設計業,
風行天股份有限公司,https://www.skywind.com.tw,,62500000,其它軟體及網路相關業,APP軟體及網路服務事業,
誠品生活股份有限公司,http://www.eslitespectrum.com.tw,1200,400000000,百貨相關業,百貨零售業/餐飲業/商用不動產顧問業,
台北數位集團_台北數位廣告股份有限公司,http://www.taipeiads.com,200,29000000,多媒體相關業,網際網路相關業 資訊服務業 廣告行銷 多媒體相關,
滙嘉健康生活科技股份有限公司,http://www.huijiahealth.com.tw,30,200000000,醫療器材製造業,光學睡眠安全與監控設備/健康照護產業,
豪芯科技股份有限公司,https://nexpro.com.tw/,18,100000000,半導體製造業,半導體精密設備,
樺緯物聯股份有限公司,https://www.dexatek.com,80,200000000,多媒體相關業,登錄創櫃代碼7455,
睿控網安股份有限公司,https://www.txone.com/,300,600000000,電腦軟體服務業,軟體業,
希格斯資訊科技有限公司,https://www.higgstar.com/,,,電腦軟體服務業,電腦軟體服務業、網際網路相關業、電腦系統整合服務業,
移動商務股份有限公司,https://www.vascreative.com,20,50000000,多媒體相關業,雲端影音平台服務 ，雲端線上教育影音平台服務，OTT影音平台服務,
IKEA_宜家家居股份有限公司,https://www.ikea.com,1900,100000000,建材／傢俱零售業,零售業,
Coupang 酷澎集團_火箭物流倉儲股份有限公司,https://www.104.com.tw/company/1a2x6bndad,500,3000000000,倉儲業,網際網路相關業,
科毅科技股份有限公司,http://www.mrnanotec.com.tw,40,100000000,半導體製造業,半導體相關業,
台新人壽保險股份有限公司_總公司,https://www.taishinlife.com.tw/,1200,10000000000,人身保險業,保險業,
QNAP_威聯通科技股份有限公司,https://www.qnap.com/zh-tw/about-qnap/,1300,1300000000,電腦軟體服務業,電腦軟體服務業,
Zyxel Networks_兆勤科技股份有限公司(合勤集團),http://www.zyxel.com,400,2000000000,通訊機械器材相關業,網際網路軟體服務業,
智聯服務股份有限公司,https://www.acer-ast.com/,600,200000000,電腦系統整合服務業,資訊服務相關之電腦系統、電腦週邊、網路產品及電腦軟體之規劃、銷售及整合。,
誠帷數位科技有限公司,http://www.azuredigitaltech.com.tw,20,10000000,網際網路相關業,網際網路相關業,
先鋒機械股份有限公司,http://www.pioneerm.com,95,80000000,金屬加工用機械製造修配業,電線電纜設備製造，機聯網及智慧工廠整廠設計與開發,
童訊科技股份有限公司,https://www.facebook.com/taiea.twn?locale=zh_TW,,,數位內容產業,數位內容產業,
今時科技股份有限公司,http://www.ima-ems.com/,20,10000000,網際網路相關業,ESG 產業鏈 能源管理領導品牌,
威凜科技股份有限公司,https://valtec.ai/,,,電腦軟體服務業,電腦軟體服務業,
果實夥伴股份有限公司,https://www.onead.com.tw/,100,,網際網路相關業,影音廣告技術專業平台與數據服務,
DR.WU SKINCARE_達爾膚生醫科技股份有限公司,http://www.drwu.com,100,,藥品／化妝品及清潔用品零售業,生技醫學美容,
華翰物產實業股份有限公司,http://www.welhunt.com,150,600000000,綜合商品批發代理業,國際貿易業,
富邦金融控股股份有限公司,http://www.fubon.com/financialholdings/home/index.html,20000,20000000000,金融控股業,A05 金融証券產險相關業,
臺鑫股份有限公司,http://www.hland.com.tw/company.htm,65,300000000,其他電子零組件相關業,電子零件代理,
雙鴻科技股份有限公司,http://www.auras.com.tw/,5500,1200000000,其他電子零組件相關業,散熱模組製造(筆記型電腦、個人電腦、高階電競顯卡、商業級伺服器、旗艦級手機),
盟訊實業股份有限公司,http://www.unication.com.tw,250,300000000,通訊機械器材相關業,電子通訊製造業,
博訊生物科技股份有限公司,http://www.drsignal.com.tw/,,300000000,生化科技研發業,CDMO細胞備製代工服務和智能自動化量化細胞備製設備解決方案,
元志科技有限公司,https://www.iemis.com.tw,30,5000000,電腦軟體服務業,企業電腦化軟體及網路服務業,
唄粉智能科技股份有限公司,https://shell.fans,15,25000000,電腦系統整合服務業,電腦系統整合服務業,
眾匯智能健康股份有限公司,https://med-net.com/,20,50000000,其他醫療保健服務業,AI與數位技術已經走入健康、醫療及照護領域，這些新興健康照護模式被通稱為【數位健康】產業。,
栩琛科技股份有限公司,https://www.nrttech.com,,30000000,其他電子零組件相關業,金融科技及系統設計整合,
連邦國際專利商標事務所,http://www.tsailee.com.tw/,290,30000000,法律服務業,法証事務所,
華邦電子股份有限公司,http://www.winbond.com,2800,,IC設計相關業,積體電路產業,
安聯人壽保險股份有限公司_鷹翔通訊處,http://www.allianz.com.tw,3500,6100000000,人身保險業,保險業 / 人身保險,
格路科技股份有限公司,http://www.glue-soft.com/,6,3000000,其它軟體及網路相關業,電腦系統整合服務業、資訊軟體服務業,
大拇哥證券投資顧問股份有限公司,https://www.taroboadvisors.com/,50,200000000,證券及期貨業,證券及期貨業,
英屬開曼群島商意騰科技股份有限公司台灣分公司,http://www.intelli-go.com/,,,IC設計相關業,IC設計/軟體資訊服務,
新光醫院_新光醫療財團法人新光吳火獅紀念醫院,https://www.skh.org.tw/skh/index.html,2300,,醫院,醫療服務業,
錼創顯示科技股份有限公司,http://www.playnitride.com/,500,,半導體製造業,半導體製造、電子零組件製造業及產品設計,
雲象科技股份有限公司,https://www.aetherai.com/,110,800000000,電腦軟體服務業,電腦軟體服務業,
致伸科技股份有限公司,https://www.primax.com.tw/,9300,4500000000,電腦及其週邊設備製造業,電腦週邊及通訊,
瑞相科技股份有限公司,http://www.retronix.com.tw,40,300000000,IC設計相關業,資訊軟體服務業,
泰科動力股份有限公司,https://tac-dynamics.com/,50,100000000,電腦軟體服務業,機器人設計及軟體開發,
美商泰瑞達有限公司台灣分公司,https://www.teradyne.com/,,5000000,其他半導體相關業,半導體設備供應商,
乒乓話網股份有限公司,https://www.ypcloud.com,32,10000000,其他電信及通訊相關業,YP 開發AI 整合與雲端運算平台為核心的軟體科技公司。 主要產品Agentic AI 與SaaS 開發工具及服務。,
和椿科技股份有限公司,http://www.aurotek.com.tw,250,800000000,自動控制相關業,自動控制相關行業,
云碩科技股份有限公司,http://www.cloudinfo.com.tw/,20,51380000,電腦系統整合服務業,資訊服務業,
聯合報股份有限公司,http://www.udngroup.com,2295,,其他出版業,報紙廣告出版業,
新勝達實業股份有限公司,https://www.104.com.tw/company/1a2x6bmlh7,,,其他紙製品製造業,其他紙製品製造業,
偉康科技股份有限公司,https://www.webcomm.com.tw,180,100000000,電腦軟體服務業,資訊軟體服務業,
"SHOPLINE Technology Corp., Ltd._商線科技股份有限公司",https://www.shopline.tw,500,,網際網路相關業,"網際網路相關業, 電子商務平台",
金像電子股份有限公司,https://www.gce.com.tw,2600,7500000000,印刷電路板製造業(PCB),電子零件相關業,
Millitronic_巽晨國際股份有限公司,http://www.millitronic.com.tw,,100000000,其他電信及通訊相關業,網通科技產業,
大門科技顧問有限公司,http://www.damentec.com  ,50,2000000,電腦軟體服務業,資訊科技與軟體相關產業,
網訊電通股份有限公司,https://www.telexpress.com/,2000,200000000,網際網路相關業,資訊服務、電子商務平台服務、商業流程委外、顧客互動管理,
印度商威普羅股份有限公司台灣分公司,https://www.wipro.com/en-TW/wipro-in-taiwan/,200000,,電腦系統整合服務業,資訊服務業,
永慶房產集團_永慶房屋仲介股份有限公司,https://reurl.cc/4X0LlD,3000,300000000,不動產經營業,不動產相關業,
宏成半導體科技股份有限公司,https://www.104.com.tw/company/1a2x6blzql,,,其他半導體相關業,其他半導體相關業,
大宇資訊股份有限公司,https://group.softstar.com.tw/tw,150,1000000000,電腦軟體服務業,遊戲軟體業,
奇景光電股份有限公司,https://www.himax.com.tw/,2200,1400000000,IC設計相關業,IC設計業,
鴻海集團_新煒科技有限公司,https://www.rayprustech.com/,,,光電產業,相機/攝像模組專業研發製造服務商,
至盛科技有限公司,https://www.playrobot.com/,15,15000000,其他電子零組件相關業,科技教育與產業應用之機器人相關電子零組件與整合發展,
創世代有限公司,https://www.104.com.tw/company/1a2x6bm0qf,10,5000000,電腦軟體服務業,AI模型訓練,
聖威光電科技發展股份有限公司,http://www.sanoc.com.tw,80,200000000,光電產業,電子零組件製造業,
威力工業網絡股份有限公司,https://www.oringnet.com/,180,500000000,電腦系統整合服務業,網路通訊設備研發和製造以及自我品牌行銷,
干城數碼有限公司,http://www.ConSemICT.com,,,電腦軟體服務業,資訊軟體顧問業 - 軟體及網路相關業 - 電腦系統整合服務業,
信維合署會計師事務所,http://www.ecovistw.com,45,,會計服務業,會計師事務所,
艾陽科技股份有限公司,https://www.ionetworks.co,35,100000000,電腦軟體服務業,深度學習(AI)影像辨識及管理方案研發,
Siemens EDA_愛爾蘭商西門子電子設計自動化股份有限公司台灣分公司,https://eda.sw.siemens.com/en-US,189,25000000,其它軟體及網路相關業,"軟體開發設計,系統整合",
達運精密工業股份有限公司,https://www.darwinprecisions.com/zh-tw,5000,6600000000,消費性電子產品製造業,液晶顯示器之背光模組及電子零組件製造業,
巴可股份有限公司,https://www.barco.com,130,45000000,電腦系統整合服務業,無線網路通訊／醫療成像／媒體與娛樂／教育培訓／企業影音／智能顯示,
九六八數位資訊股份有限公司,https://www.104.com.tw/company/1a2x6bmds7,90,30000000,電腦系統整合服務業,電腦系統整合服務業,
魔競娛樂股份有限公司,http://www.ment.com.tw/zh-tw,58,47430000,廣告行銷公關業,新媒體廣告行銷公關業(實況主經紀、網路直播、社群經營),
美商ID TECH台灣分公司_璟昇科技股份有限公司,https://idtechproducts.com/,,30000000,電子通訊／電腦週邊零售業,電子通訊╱電腦週邊零售業,
美庫爾數據商務顧問股份有限公司,https://www.merkle.com/zh.html,,29000000,工商顧問服務業,以數據與商務轉型驅動顧客體驗轉型,
瀚亞證券投資信託股份有限公司,https://www.eastspring.com.tw/,150,400000000,信託投資業,投信,
錸德科技股份有限公司(錸德集團),http://www.ritek.com.tw,2400,21000000000,資料儲存媒體製造及複製業,電子業,
零碳科技股份有限公司,https://www.lingcarbon.com,3,2010000,電腦軟體服務業,提供碳盤查、減碳顧問、碳盤查SaaS服務,
中華電信關係企業_神腦國際企業股份有限公司,http://www.senao.com.tw,2100,2600000000,電子通訊／電腦週邊零售業,通訊服務業,
達擎股份有限公司,https://www.auodplus.com/zh-TW,642,2000000000,光學器材製造業,顯示器加值產品、服務及解決方案提供,
亞虎科技股份有限公司,https://yahutech.com,45,,電腦軟體服務業,電腦軟體服務業,
新加坡商星智科技股份有限公司,https://einsnext.com/,20,500000000,電腦軟體服務業,"AI data center, server, Software",
圓剛科技股份有限公司,http://www.avermedia.com/,300,1500000000,多媒體相關業,專精於多媒體數位影音發展，以AVerMedia自有品牌行銷全球。,
創泓科技股份有限公司,https://www.uniforce.com.tw/,80,200000000,電腦系統整合服務業,網路資安服務業,
鼎新數智股份有限公司,https://www.digiwin.com/tw,1800,700000000,電腦軟體服務業,電腦軟體服務業,
久勁科技有限公司,https://www.boldtek.com/ ,,,電腦軟體服務業,電腦軟體服務業,
哲煜科技股份有限公司,https://twjoin.com/,60,10000000,電腦系統整合服務業,電腦系統整合服務業,
鎧鋒企業股份有限公司,http://www.kca.com.tw,85,100000000,電腦系統整合服務業,智能家居、監控、對講、門禁等I O T、手機及雲端技術,
譁裕實業股份有限公司,http://www.whayu.com,230,1200000000,其他電子零組件相關業,電子 無線射頻領域,
盟立自動化股份有限公司,http://www.mirle.com.tw,1200,2200000000,自動控制相關業,電子電機相關業,
神準科技股份有限公司,http://www.senaonetworks.com ,2000,400000000,通訊機械器材相關業,網通科技產業,
晶芯光電股份有限公司,http://www.kingxin-opto.com,30,500000000,光電產業,光電零組件製造,
欣興電子股份有限公司,http://www.unimicron.com,15000,15000000000,印刷電路板製造業(PCB),科技製造業,
瑞利智工股份有限公司,https://www.mitwell.com.tw/,200,300000000,電腦及其週邊設備製造業,產業電腦、垂直整合應用設備研發製造,
弋揚科技股份有限公司,https://www.eup.com.tw,180,100000000,電腦系統整合服務業,智慧運輸管理整體解決方案系統平台與服務,
一騰資訊服務股份有限公司,https://www.etanits.com/,80,20000000,電腦軟體服務業,電腦軟體服務業,
中央研究院資訊科學研究所,https://www.104.com.tw/company/1wi8fyw,200,,其他專業／科學及技術業,研究院　　,
傳奇亞太科技有限公司,http://www.alphabet.com.tw/index.php,40,25000000,電腦軟體服務業,電腦軟體服務業,
耀群科技股份有限公司,https://www.asys-corp.com/zh-tw,135,300000000,電腦系統整合服務業,專業監控系統整合供應商及電子科技產業儀器設備代理商,
口袋證券股份有限公司,https://www.pocket.tw/,109,400000000,證券及期貨業,金融證券產險相關業,
日新軟體股份有限公司,https://www.neutec.com.tw,300,60000000,電腦軟體服務業,客製化線上軟體/娛樂平台開發及其他應用軟體服務,
新漢智能系統股份有限公司,http://www.nexaiot.com,200,200000000,電腦及其週邊設備製造業,工業物聯網及自動化製造業,
台趣科技有限公司,http://www.intretech.com/,19,29600000,數位內容產業,電腦周邊相關業，物聯網產品新創公司,
稜研科技股份有限公司,https://tmytek.com,,500000000,通訊機械器材相關業,先進高頻通訊元件設計業,
洋銘資訊股份有限公司,http://www.youngming-mes.com,20,5000000,電腦系統整合服務業,電腦系統整合服務業,
富邦媒體科技股份有限公司(富邦momo),https://corp.momo.com.tw/,3000,,百貨相關業,電視購物/網路購物/型錄購物,
先勁健康科技股份有限公司,http://www.sjen.com.tw,16,7000000,電腦軟體服務業,醫療健康資訊業,
Ocard_奧理科技股份有限公司,http://ocard.co,110,30000000,其它軟體及網路相關業,網際網路相關業,
台灣英飛凌科技股份有限公司,http://www.infineon.com,400,200000000,半導體製造業,積體電路,
奇威雲端科技有限公司,https://www.104.com.tw/company/1a2x6bmzme,20,10000000,網際網路相關業,網際網路相關業,
美科實業股份有限公司_ Aromase艾瑪絲_juliArt覺亞,https://www.macrohi.com/zh/,150,69000000,百貨相關業,專業髮品技術開發及品牌經營,
四方自動化機械股份有限公司,https://www.chipright.com.tw,80,60000000,半導體製造業,半導體自動化設備相關業,
陸海股份有限公司,https://www.sea-land.com.tw,270,1200000000,貨運承攬業,運輸物流倉儲服務業,
長春人造樹脂廠股份有限公司,http://www.ccp.com.tw,6500,3300000000,塑膠製品製造業,化工業,
中國信託商業銀行股份有限公司,https://www.ctbcbank.com/,25000,120000000000,銀行業,金融控股公司,
擷發科技股份有限公司,https://www.micro-ip.com,,300000000,其他電子零組件相關業,Green IC Design ；Service AI Software Design Service,
新加坡商立福人事顧問有限公司台灣分公司,https://www.recruitfirst.co/,,20000000,人力仲介代徵,人力仲介代徵,
池安量子資安股份有限公司,https://www.chelpis.com,18,200000000,電腦系統整合服務業,電腦系統整合服務業,
網軟股份有限公司,http://www.intersoft.com.tw,40,20000000,網際網路相關業,網際網路相關業,
由田新技股份有限公司,https://www.utechzone.com.tw/,400,500000000,光電產業,全國與兩岸第一家以 AOI專業上市櫃的公司，以機器視覺、影像處理與機電整合為核心技術。,
元通科技股份有限公司,http://www.etentech.com/,90,100000000,電腦及其週邊設備製造業,網路設備業,
Gogoro Taiwan Limited_睿能創意股份有限公司,http://www.gogoro.com/,2000,2100000000,機車及其零件製造業,智慧移動、能源網絡平台、能源方案與軟體服務,
國立臺灣師範大學_科技應用與人力資源發展學系,http://www.tahrd.ntnu.edu.tw/,10,,大專校院教育事業,學術單位,
鈦隼生物科技股份有限公司,http://brainnavi.com,35,200000000,醫療器材製造業,醫療器材研發製造業,
久明科技股份有限公司,http://www.long-light.com.tw,88,100000000,事務機器製造業,D-6其他機械相關業,
(ASML)台灣艾司摩爾科技股份有限公司,https://www.asml.com,4500,1800000000,半導體製造業,半導體設備業,
長庚大學_護理系,http://www.cgu.edu.tw,1100,200000000,其他醫療保健服務業,學校及文教機構,
緯穎科技服務股份有限公司,https://www.wiwynn.com/zh/,3000,1700000000,電腦及其週邊設備製造業,資訊服務,
竹陞科技股份有限公司,https://www.gutc.com.tw,100,200000000,其他半導體相關業,晶圓無塵室科技;工廠自動化;人工智能;物聯網-大數據,
LRS_英屬維京群島商杰恒國際有限公司台灣分公司,https://www.leadingrs.com/,50,5000000,人力仲介代徵,人力仲介代徵,
覺華工程科技股份有限公司,https://www.104.com.tw/company/1a2x6bl4uw,,,土木工程業,土木工程業,
晟福科技股份有限公司,http://www.sunforce.com.tw,9,15000000,電腦系統整合服務業,電腦系統整合服務業,
永悅健康股份有限公司,https://www.h2u.ai/,200,200000000,工商顧問服務業,數位健康科技服務業,
波色科技股份有限公司,http://www.i-boson.com/,,10000000,電子通訊／電腦週邊批發業,致力於最新光電的量測問題，提供全面性的解決方案。於OLED，軟性顯示，VR等顯示量測技術與各大廠及研究單位有合作,
昇恒昌股份有限公司,http://www.everrich-group.com/,,,其他零售業,免稅零售服務業、百貨零售業、餐飲業等,
電碼科技有限公司,https://www.104.com.tw/company/1a2x6bmqw8,,5000000,電腦軟體服務業,加密貨幣(Crypto)、區塊鏈(Blockchain),
瀚宇彩晶股份有限公司,https://www.hannstar.com/,2800,30200000000,光電產業,光電產業,
易捷系統股份有限公司,http://www.gyro.com.tw,85,100000000,消費性電子產品製造業,無軌智慧自走機器人，IoT與工業4.0系統,
鼎琉股份有限公司,https://www.newdigit.io/,150,20000000,電腦軟體服務業,電腦軟體服務業,
智原科技股份有限公司,https://www.faraday-tech.com/tw/content/index,950,2500000000,半導體製造業,IP/ASIC研發設計服務,
優式資本股份有限公司,https://www.uccapital.com.tw,,300000000,證券及期貨業,一般投資業,
開必拓數據股份有限公司,https://www.kapito.ai,30,80000000,電腦及其週邊設備製造業,網際網路相關業,
傑創通股份有限公司,http://www.genevisio.com,10,50000000,電腦及其週邊設備製造業,電信設備設計與製造,
頂立開發實業股份有限公司,https://www.104.com.tw/company/1a2x6bjibq,60,300000000,工商顧問服務業,工商顧問服務/ㄧ般投資業/海內外事業經營管理,
技高工業股份有限公司,http://www.ascentex.com.tw,120,300000000,自動控制相關業,自動控制/工業自動化設備,
大聯大控股股份有限公司,https://www.wpgholdings.com/,5000,18700000000,其他半導體相關業,半導體及電子零組件通路,
甲尚股份有限公司,https://www.reallusion.com,200,300000000,多媒體相關業,多媒體軟體系統開發,
全國電子股份有限公司,https://web.elifemall.com.tw/,1700,900000000,電子通訊／電腦週邊零售業,百貨零售相關業,
元大人壽保險股份有限公司(總公司),http://www.yuantalife.com.tw/Web/index.aspx,,35000000000,人身保險業,人壽保險業,
兼智科技有限公司,https://www.104.com.tw/company/1a2x6bn733,50,,電腦軟體服務業,軟體服務,
詮鼎科技股份有限公司,https://www.wpgholdings.com/aitg,640,6400000000,其他半導體相關業,半導體IC元件代理商,
伊雲谷數位科技股份有限公司,https://www.ecloudvalley.com,500,800000000,網際網路相關業,雲端運算服務專家,
智感雲端科技股份有限公司,https://vitalsignscorp.com,18,50500000,電腦系統整合服務業,醫療設備ODM,
敬鵬工業股份有限公司,http://www.chinpoon.com,3300,3900000000,印刷電路板製造業(PCB),電子零件製造業,
統一超商股份有限公司,http://www.7-11.com.tw,8775,,百貨相關業,零售服務業,
艾克森科技有限公司,https://www.104.com.tw/company/1a2x6bm4s4,180,3000000,電腦系統整合服務業,電腦系統整合服務業,
區塊科技股份有限公司,https://www.chainsecurity.asia,44,70000000,其它軟體及網路相關業,其它軟體及網路相關業,
膂盟資訊開發股份有限公司,https://www.lemon.cx,30,10000000,網際網路相關業,旅遊業線上預訂系統第一品牌：包含百大線上五星飯店訂房、餐廳訂桌、高鐵劃位、購物車等,
LINE Pay_連加網路商業股份有限公司,https://pay.line.me/portal/tw/main,,,網際網路相關業,行動支付,
捷絡生物科技股份有限公司,https://jellox.com/,30,80000000,醫療器材製造業,創新生醫資訊、雲端數位病理玻片系統及醫療影像AI開發,
櫻特森系統整合股份有限公司,https://www.intersense.com.tw,30,20000000,電腦系統整合服務業,資訊業,
安富科技股份有限公司,http://www.nforetek.com,110,300000000,IC設計相關業,通訊藍牙模組、通訊軟體,
視達威科技股份有限公司,http://www.starvedia.com,30,100000000,其他電信及通訊相關業,網路視訊及物聯網設備相關業,
玉山銀行_玉山商業銀行股份有限公司,http://www.esunfhc.com.tw/,8000,80000000000,銀行業,銀行、證券、投顧、等金融業務,
Qualcomm Semiconductor Corporation_高通半導體有限公司,http://www.qualcomm.com/ ,,,IC設計相關業,IC設計業,
寗檬鐦發有限公司,https://www.104.com.tw/company/1a2x6bl8mi,30,2000000,工商顧問服務業,工商顧問服務業,
ViewSonic Corporation_優派國際股份有限公司,http://www.viewsonic.com.tw,1400,,電腦系統整合服務業,"電腦硬體, 軟體與整合服務; 消費電子產品及進出口貿易業務",
宇見智能科技股份有限公司,https://www.met-ai.net/,25,,電腦軟體服務業,AI科技、軟體科技業,
安霸股份有限公司,http://www.ambarella.com,240,200000000,IC設計相關業,IC設計業,
禾瑞亞科技股份有限公司,https://www.eeti.com/,170,600000000,其他半導體相關業,Touch panel IC設計,
當代牙醫診所,http://www.modern-dental.com.tw,150,,診所,牙醫,
騰學廣告科技股份有限公司,https://www.tenmax.io/tw/,80,200000000,電腦軟體服務業,數位廣告技術研發,
洋基工程股份有限公司,http://www.yankey.com.tw/,635,800000000,空調水機電工程業,高科技產業廠房空調/機電/消防/無塵室/製程系統等集成之工程規劃、設計、施工,
潮網科技股份有限公司,http://www.wavenet.com.tw/,130,100000000,網際網路相關業,網路技術行銷  數位廣告代理  整合行銷,
達暉資訊有限公司,https://www.104.com.tw/company/1a2x6bi1ab,50,,電腦系統整合服務業,電腦系統整合服務業,
靖欣工程顧問有限公司,https://jinshin.com.tw/                  (網站重建中 Site under reconstruction),16,1000000,建築及工程技術服務業,建築及工程技術服務業,
五號館有限公司,https://www.wisenvr.com,7,3000000,電腦軟體服務業,資訊服務業,
同亨科技股份有限公司,https://www.xac.com.tw/,500,1200000000,電腦及其週邊設備製造業,"智慧交易設備開發製造及雲計算交易促進平台之開發,讓中小型零售業以SW AS A SERVICE方式落實優化經營系統(PAYMENT/CRM/INVENTORY)，透過 O2O整合達到多通路之銷售模式！",
泰碩電子股份有限公司,http://www.taisol.com,1200,800000000,其他電子零組件相關業,電子製造業,
艾知科技股份有限公司,https://www.aiseedtech.com,20,30000000,電腦系統整合服務業,電腦系統整合服務業,
台灣晉陞太空股份有限公司,https://www.104.com.tw/company/1a2x6bjo6y,,1600000000,其它軟體及網路相關業,太空科技業,
婕洛妮絲_全球昕兆國際股份有限公司,http://www.jsstore.com.tw,50,24500000,綜合商品批發代理業,化妝品綜合商品業【婕洛妮絲美妝保養】,
笛雅奇科技有限公司,https://dyadic.solutions/,5,1000000,電腦軟體服務業,電腦軟體服務業,
千陽號旅行社有限公司,https://www.104.com.tw/company/1a2x6bnb25,,,旅遊服務業,旅遊服務業,
"Keenfinity Co., Ltd_晶飛凌股份有限公司",https://www.keenfinity-group.com/xc/en/,120,,電腦軟體服務業,汽、機車零組件配備/消防安全設備/電信器材/家電、廚房器具,
河畔果管理顧問有限公司,https://riverbien.com.tw/,15,2500000,工商顧問服務業,都市規劃與土地開發顧問服務，國土規劃與公共政策研究服務，產業政策與園區開發服務，產業與國土資料庫調查與建置服務，企業經營策略諮詢顧問服務,
亞瑞特數位社群行銷有限公司,https://www.aretedigitalsocial.com/,40,,其它軟體及網路相關業,數位社群行銷顧問公司,
DAS Asia_香港商達思系統股份有限公司台灣分公司,https://www.das-ee.com/zh-hant/,300,1000000,半導體製造業,半導體相關行業,
海科科技有限公司,https://www.hytechc.com,180,15000000,其它軟體及網路相關業,金融科技/軟體設計開發,
邑流微測股份有限公司,https://www.flowviewtek.com/,35,,其他電子零組件相關業,微奈米檢測/AI影像分析/流體自動光學檢測系統(Flow AOI)解決方案/臨場顯微系統(In-situ Microscopy)解決方案,
尼采實業股份有限公司,http://www.nhr.com.tw,,,其他電信及通訊相關業,智慧城市停車監控系統; 智慧冷鏈運輸監控系統; 智慧農業數據監控系統; 智慧城市水情監控系統,
台灣富薩斯科技股份有限公司,https://www.fujitsu.com/global/,170,100000000,電腦及其週邊設備製造業,伺服器研發中心,
歐德堡股份有限公司,http://www.orderble.com,30,28000000,電子通訊／電腦週邊零售業,"系統整合, 程式開發, 硬體建置, 電子通訊,電腦週邊零售業, BIM 建築資訊模型, GIS地理資訊系統, BIM+3DGIS",
美商康彼斯有限公司台灣分公司,https://conbiz.com.tw/,1000,20000000,人力仲介代徵,人力資源顧問、代招、派遣及外包服務,
葳騰科技股份有限公司,http://www.bqool.com/,50,100000000,電腦軟體服務業,電腦軟體業、工商服務業,
炳碩生醫股份有限公司,http://www.pointroboticsinc.com/,60,200000000,醫療器材製造業,高階醫療器材製造、手術機器人系統,
Shuttle_輔信科技股份有限公司,http://www.shuttle.com,380,3400000000,電腦及其週邊設備製造業,迷你準系統、Panel PC、Kiosk多媒體自助服務機等電腦產品研發製造,
台灣立訊精密有限公司,http://www.luxshare-ict.com/,500,600000000,其他電子零組件相關業,其他電子零組件相關業,
日商_建興儲存科技股份有限公司,http://www.ssstc.com/tw,1000,,資料儲存媒體製造及複製業,提供各型態固態硬碟開發設計與製造,
研揚科技股份有限公司,http://www.aaeon.com,530,1600000000,電腦及其週邊設備製造業,電腦及其週邊設備製造業,
台泥企業團_臺泥資訊股份有限公司,http://www.tcci.com.tw/tw/,110,100000000,電腦及其週邊設備製造業,資訊業,
遠雄人壽保險事業股份有限公司_仲雄通訊處(黃仁堂高階處經理)(113)遠雄壽險網徵字第024號,http://www.fglife.com,4300,18500000000,人身保險業,人身保險業,
智湧科技有限公司,https://www.104.com.tw/company/1a2x6bl6cg,,,網際網路相關業,軟體服務業,
櫛構科技股份有限公司,https://Combogic.com,,30000000,電腦軟體服務業,軟體開發、ESG 顧問,
谷奧科技股份有限公司,https://gogoout.com,11,3750000,網際網路相關業,電子商務平台,
資拓宏宇國際股份有限公司,https://www.iisigroup.com/careers/,1600,1000000000,電腦軟體服務業,資訊軟體服務業,
香港商藍鐘商業有限公司台灣分公司,https://www.bluebellgroup.com/zh-hant/,200,,鞋類／布類／服飾品零售業,精品品牌代理商,
長期主義有限公司,https://www.104.com.tw/company/1a2x6bnd0u,23,1000000,廣告行銷公關業,科技廣告業,
弘憶國際股份有限公司,http://www.gmitec.com,200,1600000000,其他半導體相關業,半導體元件代理商,
鉅亨網_鉅亨金融科技股份有限公司,https://www.cnyes.com/,,,網際網路相關業,財經媒體及金融科技,
藍星球資訊股份有限公司,https://www.blueplanet.com.tw/,50,30000000,其它軟體及網路相關業,資訊軟體服務業,
瀚鈞國際有限公司,http://www.acmewin.com,,30000000,機械器具零售業,半導體電漿設備研發製造,
聯發科技股份有限公司,http://www.mediatek.com/,16000,15000000000,半導體製造業,IC設計相關業,
騰雲科技服務股份有限公司,https://www.turn2cloud.com,200,200000000,網際網路相關業,零售雲端金商流資訊平台服務,
中興保全科技股份有限公司,http://www.secom.com.tw,2600,4500000000,網際網路相關業,社會安全產業，提供智慧城市、科技保全設備整合規劃 新型態科技樓管服務,
財團法人國家實驗研究院,https://www.niar.org.tw/,1500,,政府／民意機關,國家實驗研究院,
豪勉科技股份有限公司,http://www.hauman.com.tw,160,600000000,電腦系統整合服務業,資訊網路應用服務 及 半導體/光電/光伏應用服務,
百視美股份有限公司,http://www.britemed.com.tw/,80,,電腦及其週邊設備製造業,醫療用電腦製造業,
光陽光電股份有限公司,https://www.104.com.tw/company/de9v3b4,20,100000000,光電產業,光電產業,
永辰科技股份有限公司,https://www.pbt.com.tw,50,800000000,通訊機械器材相關業,電子相關製造業,
愛瑪麗歐股份有限公司,https://www.amaryllogroup.com/,60,100000000,電腦系統整合服務業,全球領導人工智能/雲端資料庫服務公司,
鈺立微電子股份有限公司,https://www.eys3d.com/,55,300000000,IC設計相關業,影像3D感測。邊緣運算半導體及次系統與應用設計。,
三貝德數位文創股份有限公司,https://www.samebest.com.tw/,500,800000000,其他零售業,E-learning 雲端數位教學,
國家太空中心,https://www.tasa.org.tw/,600,5500000000,自然科學研發業,航太衛星相關產業,
頎邦科技股份有限公司,http://www.chipbond.com.tw,5200,6500000000,半導體製造業,LCD驅動IC封裝測試、捲帶式封裝載板--光電/半導體業,
GARMIN_台灣國際航電股份有限公司,http://www.garmin.com.tw,9000,7800000000,電信相關業,衛星導航/電子電機/行動通訊/資訊軟體,
台灣愛淨節能科技股份有限公司,https://ecofirst.com.tw/,20,26490000,其他專業／科學及技術業,AI節能科技產業,
勁達國際電子股份有限公司,https://www.raytac.com,25,72000000,其他電子零組件相關業,物聯網無線模組製造業,
帝濶智慧科技股份有限公司,https://de-cloak.com/,20,,電腦軟體服務業,電腦軟體服務業,
科林儀器股份有限公司,https://www.clinico.com.tw/,750,200000000,其他醫療保健服務業,醫療儀器業,
圖爾思生物科技股份有限公司,https://www.toolsbiotech.com/,80,20000000,生化科技研發業,生化科技研發業,
鴻海集團_英屬開曼群島商鴻騰精密科技股份有限公司台灣分公司,https://www.fit-foxconn.com/mainssl/modules/MySpace/index.php?sn=fit&pg=ZC2174,1000,120000000000,精密儀器相關製造業,精密零組件、3C周邊、消費性電子產品製造業,
台一國際股份有限公司,http://www.tai-i-int.com.tw/,380,2000000000,電力機械器材製造修配業,電線電纜業,
映思科技股份有限公司,https://www.104.com.tw/company/1a2x6bmcxb,,10000000,其他半導體相關業,半導體光電設備製造業及檢測服務,
香港商麥迪康亞太有限公司台灣分公司,http://www.medicom-taiwan.com,200,50000000,醫療器材製造業,醫療器材製造業,
環資國際有限公司,https://www.104.com.tw/company/5tt7two,290,100000000,工商顧問服務業,I-4環保及公共衛生相關業,
威摩科技股份有限公司,https://www.wemoscooter.com,200,100000000,其它軟體及網路相關業,結合手機App、IoT、Big Data的智慧電動機車即時租借服務,
家樂福_家福股份有限公司,http://www.carrefour.com.tw/,15000,9000000000,量販流通相關業,量販流通業,
Gorilla Technology Group_大猩猩科技股份有限公司,https://www.gorilla-technology.com,120,400000000,電腦軟體服務業,資訊相關業,
財團法人紡織產業綜合研究所,https://www.ttri.org.tw/,350,100000000,其他專業／科學及技術業,財團法人專業研發機構,
美商超微半導體股份有限公司台灣分公司,https://www.amd.com,300,5000000,半導體製造業,資訊半導體業,
德侑健保藥局,https://www.104.com.tw/company/1a2x6bjkjg,16,,藥品／化妝品及清潔用品零售業,健保藥局,
超慧科技股份有限公司,https://www.superplustech.com.tw/,60,300000000,半導體製造業,半導體製造業,
dPlus International_運嘉國際股份有限公司,https://dhconcept.com,13,16560000,網際網路相關業,品牌行銷/設計/電子商務經營,
峻魁智慧股份有限公司,https://www.eneural.ai,,79000000,電腦軟體服務業,AI 模型設計&AI-Craft使用服務以及神經運算處理器矽智財,
川寶科技股份有限公司,http://www.cbtech.com.tw/,85,400000000,專用生產機械製造修配業,機械製造業(PCB電路板設備製造研發),
香港商香港球鞋團隊有限公司,https://www.kickscrew.com,100,,其它軟體及網路相關業,全球快速發展的運動鞋與服飾電子商務平台，KICKS CREW致力於提供顧客創新的購物體驗，打造屬於新世代的購物社群！,
天晴資訊有限公司,https://www.104.com.tw/company/1a2x6blkl5,30,,其它軟體及網路相關業,專注H5遊戲開發、手機APP定制開發、網站定制、企業網站建設、應用系統開發等，為企業提解決方案。,
昇銳電子股份有限公司,http://www.hisharp.com/,300,400000000,光學器材製造業,視覺影像專業研發製造廠 Professional Video and Image Designer&Manufacturer,
荷蘭商臺灣戴爾股份有限公司台灣分公司,https://jobs.dell.com/taiwan,1400,5000000,電腦及其週邊設備製造業,科技業,
威強電工業電腦股份有限公司,http://www.ieiworld.com,400,1700000000,電腦系統整合服務業,電腦系統相關業,
日勝生活科技股份有限公司,http://www.radium.com.tw/,850,9500000000,建築工程業,建設營造、運輸交通、資源循環,
永聯物流開發股份有限公司,https://www.alp.global,180,500000000,其他不動產業,物流地產開發及投資管理,
網擎資訊軟體股份有限公司,https://www.openfind.com.tw/taiwan/index.php,145,100000000,網際網路相關業,電腦資訊軟體開發及網路相關產業,
台灣世曦工程顧問股份有限公司,http://www.ceci.com.tw,1800,,工商顧問服務業,工商顧問服務業,
禾聯碩股份有限公司,http://www.heran.com.tw,740,700000000,光電產業,電器電纜,
皓博科技股份有限公司,http://www.harbortech.com.tw,32,60000000,其它軟體及網路相關業,"AI資訊軟體服務, 精密儀器設備製造",
彼特思方舟股份有限公司,https://www.104.com.tw/company/1a2x6bn8xb,300,10010000,電腦軟體服務業,電腦軟體服務業,
毅鑫科技有限公司,https://ystech.tw/,40,500000,其它軟體及網路相關業,其它軟體及網路相關業,
契星科技股份有限公司,https://www.104.com.tw/company/1a2x6bmlrz,10,10000000,電腦軟體服務業,電腦軟體服務業,
沛智生醫科技股份有限公司,http://www.binflux.com,15,10000000,電腦軟體服務業,智慧醫療、人工生殖、電腦系統整合服務業,
網件有限公司,http://www.netgear.com,100,,網際網路相關業,網路產品通路商,
威剛科技股份有限公司,https://www.adata.com/tw/,660,2500000000,電腦及其週邊設備製造業,電腦及其週邊設備製造業,
綠捷股份有限公司,https://www.greentrans-agv.com/,,49000000,其他半導體相關業,半導體設備,
新龍光塑料股份有限公司,https://www.104.com.tw/company/1a2x6bi1ng,70,1000000000,其他相關製造業,其他相關製造業,
友達光電股份有限公司,http://AUO.com,41000,77000000000,光學器材製造業,光電業,
(總公司)南山人壽保險股份有限公司,http://www.nanshanlife.com.tw,4000,150000000000,人身保險業,金融人壽保險服務業,
金兆益科技股份有限公司,https://www.newfast-semi.com/,110,300000000,其他半導體相關業,半導體微污染在線監測設備,
德安資訊股份有限公司,http://www.athena.com.tw,90,26200000,電腦系統整合服務業,資訊系統服務業,
星錡股份有限公司,https://www.hcutech.com/,,10000000,其他半導體相關業,電子業、半導體,
瑛聲科技企業股份有限公司,http://www.engsound.com.tw,30,30000000,電腦系統整合服務業,通訊軟體整合開發商,
台灣米高蒲志國際股份有限公司,http://www.michaelpage.com.tw/,,5000000,人力仲介代徵,人力仲介代徵,
有日互動有限公司,https://www.expectstudio.com/,12,3000000,藝文服務業,展覽相關服務,
聰泰科技開發股份有限公司,https://www.yuan.com.tw,140,400000000,電腦及其週邊設備製造業,電腦週邊、視訊產品及工業電腦等研發製造業,
智璟科技股份有限公司,https://www.104.com.tw/company/1a2x6bmvqc,38,60000000,電腦系統整合服務業,專業資訊服務、資訊安全規劃與服務、網路產品及電腦軟體之規劃、銷售及整合,
天微資訊股份有限公司,https://www.ksinform.com/,30,10800000,電腦軟體服務業,B20 軟體相關業,
台灣聯想環球科技股份有限公司,https://www.lenovo.com/tw/zh/,600,,電腦及其週邊設備製造業,"Server, Storage, IoT",
艾力特科技有限公司,https://www.104.com.tw/company/1a2x6bj1x1,50,12000000,電腦系統整合服務業,電腦系統整合服務業,
有利康科技股份有限公司,http://www.vicommtech.com/,75,60000000,電子通訊／電腦週邊零售業,光電通信器材相關業,
緯創資通股份有限公司,https://www.wistron.com,80000,29000000000,電腦及其週邊設備製造業,資通訊產品,
景翊科技股份有限公司,http://www.tms.com.tw,25,30000000,電腦軟體服務業,資訊軟體服務業,
大同世界科技股份有限公司,https://www.etatung.com,580,800000000,電腦系統整合服務業,資訊服務業,
金財通商務科技服務股份有限公司,http://www.bankpro.com.tw,260,100000000,電腦軟體服務業,軟體相關業,
智易科技股份有限公司,http://www.arcadyan.com/home.aspx,800,2000000000,其他電信及通訊相關業,無線網路通訊業,
日商卓一智能科技股份有限公司台灣分公司,https://one-ai.inc,43,,廣告行銷公關業,廣告再行銷，透過AI智能技術將離開的流量再導入，以提升企業的轉化率。,
技嘉科技股份有限公司,https://www.gigabyte.com/tw,2500,6600000000,電腦及其週邊設備製造業,資訊科技業,
核心智識股份有限公司,https://www.ctknow.com.tw,50,47500000,電腦系統整合服務業,資訊軟體服務業,
新加坡商海宇顧問服務有限公司台灣分公司,https://www.104.com.tw/company/1a2x6bkq1g,50,600000,其它軟體及網路相關業,軟體&APP開發,
神瑞人工智慧股份有限公司,https://www.104.com.tw/company/1a2x6bmlse,,35000000,醫療器材製造業,醫療器材製造業,
盈科泛利股份有限公司,https://www.accupass.com,40,63000000,網際網路相關業,網際網路相關業,
技鋼科技股份有限公司_技嘉集團,https://www.gigacomputing.com/,850,1200000000,電腦及其週邊設備製造業,資訊科技業,
易霖科技股份有限公司,https://www.104.com.tw/company/1a2x6bn15x,,100000000,電腦軟體服務業,電腦軟體服務業,
天應資訊顧問有限公司,http://www.handk.com.tw,55,,電腦軟體服務業,"天應公司以數據服務、資料農場為定位，提供專業大數據資料管理, 資料分析, 資訊服務",
蓋亞商城股份有限公司,https://gaia-mall.com/,6,2400000,電腦軟體服務業,電腦軟體服務業,
伊士博國際商業股份有限公司,https://www.eimc.com.tw,,200000000,半導體製造業,半導體科技業,
行競科技股份有限公司,http://www.xingmobility.com,100,17000000,汽車及其零件製造業,浸沒式冷卻電池系統模組研發與製造,
精品科技股份有限公司,https://www.fineart-tech.com/,65,100000000,電腦軟體服務業,資訊安全,
英濟股份有限公司,http://www.megaforce.com.tw,4000,1300000000,其他電子零組件相關業,電子相關製造業,
思銳生醫科技股份有限公司,http://www.s-sharp.com,,20000000,醫療器材製造業,醫療器材製造業,
正崴精密工業股份有限公司,http://www.foxlink.com,49000,5500000000,其他電子零組件相關業,電子零組件業(上市公司),
台灣知識庫股份有限公司,https://www.tkb.com.tw/,390,200000000,數位內容產業,文化教育產業(數位學習),
財團法人中華民國電腦技能基金會,http://www.csf.org.tw,110,,其他教育服務業,A50 政治宗教公益民間團體,
新達科技股份有限公司,http://www.shinda.com.tw,50,15000000,電腦系統整合服務業,電腦系統整合服務業,
,,,,,,HTTP 400
智控科技有限公司,https://www.104.com.tw/company/1a2x6bn9xz,15,5000000,電腦軟體服務業,電腦軟體服務業,
義傳科技股份有限公司,http://www.metanoia-comm.com,60,1200000000,半導體製造業,IC設計業,
新加坡商雲科有限公司,https://www.104.com.tw/company/1a2x6bmtra,20,500000,其它軟體及網路相關業,軟體開發設計,
東元電機股份有限公司,https://www.teco.com.tw/,2500,21300000000,電力機械器材製造修配業,電機 電工 家電 馬達 能源 自動化,
政美應用股份有限公司,http://www.cmi-tw.com.tw,,300000000,半導體製造業,半導體檢查設備整合製造商,
人工智能股份有限公司,https://ai3.cloud/,72,100000000,電腦系統整合服務業,資訊軟體服務業,
Synology_群暉科技股份有限公司,http://www.synology.com,,,電腦軟體服務業,多功能網路儲存伺服器(NAS 伺服器)系統相關業,
智微科技股份有限公司,http://www.jmicron.com,75,500000000,半導體製造業,IC設計相關產業,
廣達電腦股份有限公司,http://hr.quantatw.com/,8691,38600000000,電腦及其週邊設備製造業,電子資訊業,
耕碩科技股份有限公司,http://gamesoultech.com/,,,網際網路相關業,網際網路相關業,
丸達電子有限公司,https://www.104.com.tw/company/1a2x6bmtjn,,,其他電子零組件相關業,其他電子零組件相關業,
未來市股份有限公司,https://www.xrspace.io/tw,90,800000000,電腦軟體服務業,數位內容產業,
杰特企業有限公司,https://jayterweb.weebly.com/ ,30,85000000,綜合商品批發代理業,進出口貿易商/網際網路相關業/網路購物/網購事業,
易可思科技股份有限公司,https://www.ecostek.com,50,5000000,網際網路相關業,資訊軟體業,
威盛電子股份有限公司,http://www.viatech.com/tw/,1000,4900000000,IC設計相關業,IC設計,
達詳自動化股份有限公司,http://www.dsa-auto.com.tw/,70,100000000,自動控制相關業,自動控制相關業,
一展數位金融有限公司,https://echan.tw/,30,8000000,其他金融及輔助業,金融平台服務-各式金融產品經營,
聯成電腦股份有限公司(聯成電腦/聯成外語),https://www.lccnet.com.tw,300,27000000,補習班,電腦課程教學及國際認證中心,
士林電機廠股份有限公司,http://www.seec.com.tw,4000,5800000000,電力機械器材製造修配業,電機、電子、自動化科技產品製造業,
奧衍股份有限公司,https://www.omnia.com.tw,,20000000,電腦軟體服務業,系統開發與數位轉型之顧問公司,
睿思創新股份有限公司,https://www.reas.com.tw,30,27000000,電腦軟體服務業,AI 應用服務、資訊服務,
奇蹟行動科技有限公司,http://www.miraclemobile.com.tw,,,網際網路相關業,移動互聯網軟體開發,
三形整合股份有限公司,https://sensingint.notion.site/,,1000000,電腦軟體服務業, 多媒體影音互動設計,
OpenNet_開網有限公司,https://tw.linkedin.com/company/opennet-limited,200,5000000,網際網路相關業,其它軟體及網路相關業,
瑞利光智能股份有限公司,http://rvi-ai.com,23,87290000,其他半導體相關業,智能製造,
力旺電子股份有限公司,https://www.ememory.com.tw,300,700000000,IC設計相關業,IC 設計業,
德譽科技有限公司,https://www.104.com.tw/company/1a2x6blqhy,,,電腦軟體服務業,電腦軟體服務業,
得力富企業股份有限公司,http://www.dlf.com.tw,50,92000000,自動控制相關業,"精密自動化設備,電路板專用機製造、半導體、醫用檢測設備",
鴻軒科技股份有限公司,https://www.siliconautotech.com,,,IC設計相關業,IC設計相關業,
巴涼科技股份有限公司,http://www.remotenc.com,,3000000,自動控制相關業,AIoT 物聯網與人工智慧,
KPMG_安侯建業聯合會計師事務所,http://kpmg.com/tw,2700,,會計服務業,會計服務業,
旅天下聯合國際旅行社股份有限公司,https://www.gounitravel.com/category/zh-tw/index,150,200000000,旅遊服務業,網路旅遊資訊服務業,
英屬維京群島商盈訊科技有限公司台灣分公司,https://www.pccwsolutions.com.tw,,,電腦軟體服務業,電腦軟體服務業,
羅昇企業股份有限公司,https://www.acepillar.com/,120,1100000000,自動控制相關業,羅昇公司係一家工業自動化整合銷售通路商，近年來致力於工業4.0及智慧製造領域拓展。,
91APP_英屬開曼群島商九一應用軟體股份有限公司台灣分公司,https://www.91app.com/,600,200000000,網際網路相關業,面對迎面而來的 D2C 電商趨勢與顧客消費習慣的轉變，虛實融合(OMO)轉型為零售與餐飲產業迫切需求。聚焦趨勢放眼未來，91APP 以台灣為起點，協助品牌全面升級。,
仁維軟體科技有限公司,https://www.firsttech-software.com,35,20000000,電腦系統整合服務業,電腦系統整合服務業,
虹彩光電股份有限公司,http://www.iris-opt.com/,80,200000000,其他電子零組件相關業,光電相關,
華苓科技股份有限公司,http://www.flowring.com,150,100000000,電腦軟體服務業,B20 軟體相關業,
全通路科技有限公司,https://www.omnichat.ai/tw/,93,2000000,電腦軟體服務業,電腦軟體服務業,
崇越科技股份有限公司,http://www.topco-global.com,500,1400000000,其他半導體相關業,半導體材料暨設備業,
久元電子股份有限公司,http://www.ytec.com.tw/,1000,1200000000,半導體製造業,自製設備/半導體、RFID及LED(光電)產品代工服務,
瑞健股份有限公司,https://www.shl-medical.com/,5000,1000000000,醫療器材製造業,醫療器材製造業,
勤崴國際科技股份有限公司,http://www.kingwaytek.com/,160,500000000,電腦軟體服務業,電腦軟體系統服務業,
諾思資訊股份有限公司,https://www.104.com.tw/company/1a2x6bm2mj,50,5000000,電腦軟體服務業,電腦軟體服務業,
現代儀器股份有限公司,https://www.hsientai.solutions/,24,30000000,其他醫療保健服務業,醫療器材業,
英屬開曼群島商世芯股份有限公司台灣分公司,http://www.alchip.com,500,600000000,IC設計相關業,半導體相關業,
坤侑科技股份有限公司,https://www.kunyoutech.com.tw/,99,300000000,電腦軟體服務業,電腦系統整合服務業,
艾斯邁科技股份有限公司,http://www.acemach-vision.com/,40,100000000,半導體製造業,自動光學檢測設備，自動化生產設備,
萊思特科技股份有限公司,https://letstalk.net/dl/,20,,電腦系統整合服務業,電腦系統整合服務業,
軒昂有限公司,http://www.xuenn.com,200,,網際網路相關業,網際網路相關業,
菜蟲農食股份有限公司,https://www.tsaitung.com/,50,42160000,農／畜／水產品零售業,菜蟲農食是一個提供餐廳直接向生產者採購蔬菜食材的平台。 基於數據演算法、革新的商業模式、以及我們的餐廳夥伴及生產者網絡，我們正在推動現代、環境永續的農產運銷。,
Trend Micro_趨勢科技股份有限公司,http://www.trendmicro.tw/,6700,4300000000,電腦軟體服務業,軟體業,
永豐紙業股份有限公司,http://www.yfp.com.tw,350,700000000,印刷業,印刷製造業,
泰瑞醫股份有限公司,https://terrymon.com/,30,15000000,電腦軟體服務業,"SaaS服務, 寵物媒體, 動物醫院管理系統",
東和鋼鐵企業股份有限公司,http://www.tunghosteel.com,2000,7300000000,鋼鐵基本工業,鋼鐵工業原料 / 製品,
金佶科技股份有限公司,https://gingytech.com.tw/,15,100000000,光電產業,指紋傳感器設計,
智邦科技股份有限公司,https://www.accton.com.tw/,3200,8800000000,電腦及其週邊設備製造業,網路通訊相關業,
東訊股份有限公司,http://www.tecom.com.tw/tw/,200,300000000,電信相關業,通信器材製造業,
鴻享科技股份有限公司,https://www.hiii.com.tw/,10,5000000,網際網路相關業,網路相關,
精誠隨想行動科技股份有限公司,http://www.softmobile.com.tw/,99,50000000,其它軟體及網路相關業,其它軟體及網路相關業,
富智康國際股份有限公司,https://www.104.com.tw/company/112t1ia8,,200000000,消費性電子產品製造業,智慧製造、車載電子、製造用設備/機器人,
合勤企業集團_合勤科技股份有限公司,https://www.zyxel.com/service-provider/ ,650,1800000000,通訊機械器材相關業,網路接取設備,
攸泰科技股份有限公司,https://www.ubiqconn.com/tw/why_ubiqconn.php,400,700000000,電腦及其週邊設備製造業,工業電腦（產業電腦）、嵌入式板卡及週邊零組件業務。,
安矽思科技股份有限公司,http://www.ansys.com/zh-TW,110,14000000,其他半導體相關業,軟體服務業,
進金生能源服務股份有限公司,https://acmepointes.com,180,3000000000,建築及工程技術服務業,能源技術服務業,
中華龍網股份有限公司,https://www.dragonsoft.com/,25,24900000,電腦軟體服務業,軟體製造與資安服務相關業,
Ionex Energy_車能網科技股份有限公司,https://www.ionexenergy.com/,50,100000000,電腦系統整合服務業,智慧騎行、電動摩托車充電換電能源服務網軟硬體整合解決方案,
聆機科技股份有限公司,https://www.heartbot.com,12,15730000,其它軟體及網路相關業,以生產力與資安管理並重的生成式 AI 應用服務訂閱平臺,
澳汰爾工程有限公司,http://www.altair.com.tw/,,6000000,其他專業／科學及技術業,軟體銷售及工程服務,
量趨科技股份有限公司,https://quantrend.ai/,25,80000000,電腦軟體服務業,Quantitative Trading Technology,
匯豐汽車股份有限公司,https://www.fmc1975.com.tw/recruit.php,3000,3200000000,汽機車及其零配件／用品零售業,汽車銷售/租賃/售後/維修保養服務,
傑希生技股份有限公司,http://astromarine.space,,200000000,生化科技研發業,"海洋生技研發, 生物技術整合設計, 海洋生物研究",
台灣智慧駕駛股份有限公司,https://www.turing-drive.com/,35,100000000,電腦軟體服務業,商業化自動駕駛系統解決方案,
NEC_台灣恩益禧股份有限公司,http://tw.nec.com/,502,,電腦系統整合服務業,資訊 / 通訊業,
用益網路科技股份有限公司,https://metabiz.tw/,30,10000000,電腦軟體服務業,網路科技服務業,
勝海科技有限公司,https://www.katsumitec.com/,,22000000,電腦軟體服務業,客製化線上軟體及平台開發、維護以及其他相關應用軟體服務,
遠東金士頓科技股份有限公司,http://www.kingston.com/taiwan/,1000,3100000000,電腦及其週邊設備製造業,電腦週邊相關業,
遠傳電信股份有限公司,https://www.fetnet.net,5500,36100000000,電信相關業,通訊/網際網路(第一及第二類通信),
科智企業股份有限公司,http://www.servtech.com.tw/,18,21770000,電腦軟體服務業,AI軟體開發,
點序科技股份有限公司,https://asolid-tek.com,340,400000000,IC設計相關業,IC設計相關業,
立方興業股份有限公司,http://www.cubic-vs.com,70,,電子通訊／電腦週邊零售業,視覺應用整合,
台灣虛實展演發展協會,https://hsinchienhuang.com/,,,職業團體,職業團體,
上善厚生股份有限公司,https://www.wholesenses.com,10,58000000,電腦系統整合服務業,工業IoT專業的系統供應商/設備效能 Solution Provider,
雙子數位科技有限公司,https://www.tsdt.com.tw,,,電腦軟體服務業,資訊軟體顧問業、軟體及網路相關業、電腦系統整合服務業,
振生半導體股份有限公司,https://jmemtek.com/,25,100000000,半導體製造業,半導體製造業,
香港商默升科技有限公司台灣分公司,http://credosemi.com,100,500000,其他電子零組件相關業,SerDes IP Licensing、SerDes Chiplets、Line Card Solutions、Active Electrical Cable、Optical  Solutions,
美國融文國際營銷有限公司,https://www.creatordb.app/,70,,網際網路相關業,其它軟體及網路相關業,
倍利科技股份有限公司,http://www.v5.com.tw,160,400000000,電腦系統整合服務業,電腦系統整合服務業,
研想科技股份有限公司,http://www.agni.com.tw,15,23000000,電腦及其週邊設備製造業,資訊業,
快組隊股份有限公司,https://www.teamuq.com,5,1800000,電腦軟體服務業,電腦軟體服務業,
宏正自動科技股份有限公司,https://www.aten.com/tw/zh/,1700,1100000000,電腦及其週邊設備製造業,網路通訊/ 影音視訊/ 綠能相關產業,
富智捷股份有限公司,https://www.mobiledrivetech.com,,,消費性電子產品製造業,Smart Cockpit / ADAS,
阿卡希亞股份有限公司,https://www.akacia.com.tw/,40,100000000,電腦系統整合服務業,ESG & Sustainability Advisory Service,
國家資通安全研究院,https://www.nics.nat.gov.tw/,,,其他專業／科學及技術業,國家資安防護的專責行政法人,
鐵雲科技股份有限公司,http://www.vaidio.ai,,,電腦軟體服務業,AI人工智慧影像分析與辨識軟體開發/銷售,
"替您錄科技股份有限公司(TGC Taiwan, Inc.)",https://www.litv.tv,140,600000000,多媒體相關業,OTT 線上影視網路視頻新媒體相關產業,
百威雷科技有限公司,https://www.powerarena.com/,30,10000000,其它軟體及網路相關業,Smart Manufacturing AI Software Solution,
浤議科技股份有限公司,https://www.104.com.tw/company/1a2x6bn6gw,,,精密儀器相關製造業,精密儀器相關製造業,
新普科技股份有限公司,http://www.simplo.com.tw,,1800000000,電池製造業,電腦週邊相關業,
君曜科技股份有限公司,http://www.zeitecsemi.com/,25,200000000,IC設計相關業,IC設計相關業,
奇異科技資訊有限公司,https://www.104.com.tw/company/1a2x6bm02k,,,電腦軟體服務業,電腦軟體服務業,
幸瑋科技股份有限公司,http://www.dkktoa.com.tw/,70,12000000,精密儀器相關製造業,精密儀器相關製造業,
工智聯科技股份有限公司,https://www.sat.com.tw/,20,45000000,電腦軟體服務業, 軟體技術服務業,
系微股份有限公司,http://www.insyde.com,680,800000000,電腦軟體服務業,電腦資訊服務業,
TechNexion Ltd_彤晟科技股份有限公司,https://www.technexion.com,120,70000000,電腦系統整合服務業,電腦系統相關業,
德和月國際科技股份有限公司,https://近日更新中,15,,其它軟體及網路相關業,數位行銷及電子商務服務業,
沐恩生醫光電股份有限公司,https://www.muenai.com,10,30000000,其他醫療保健服務業,生技醫學相關業,
景碩科技股份有限公司,http://www.kinsus.com.tw,6000,6000000000,半導體製造業,半導體相關業,
流線傳媒股份有限公司,http://buzzorange.com/,42,40000000,其他出版業,數位媒體、數位行銷,
使丹達資訊股份有限公司,https://target-ai.com/,,,電腦軟體服務業,電腦軟體服務業,
GEMS Academy勤思國際文理_勤思國際有限公司,https://www.facebook.com/profile.php?id=100083182389754,20,3000000,補習班,教育機構_補習班,
宓弘亞商務管理顧問有限公司,https://www.104.com.tw/company/1a2x6bmmow,10,100000,網際網路相關業,電子商務,
辰詮國際投資顧問有限公司,https://xyz.netmind.ai/,10,100000000,工商顧問服務業,數位科技軟體業,
優捷勝股份有限公司,http://www.itts.com.tw,150,17000000,電信相關業,提供企業客戶服務,
瑞昱半導體股份有限公司,https://www.realtek.com/,7300,5100000000,半導體製造業,積體電路產品研發設計 (IC Design),
瑞普萊坊_瑞普國際物業股份有限公司,https://www.reprokf.com/,40,,不動產經營業,全國第一家引進CCIM之商業不動產公司,
凌通科技股份有限公司,http://www.generalplus.com/,,1000000000,IC設計相關業,IC設計,
晶碩光學股份有限公司,https://www.pegavision.com/tw/,1700,700000000,光學器材製造業,拋棄式隱形眼鏡製造與OEM代工、銷售,
大云永續科技股份有限公司,https://www.chase.com.tw/ ,90,85000000,電腦軟體服務業,電腦軟體服務業,
安盛生科股份有限公司,http://www.ixensor.com/,40,400000000,醫療器材製造業,醫療器材製造業,
敦謙快線股份有限公司,https://www.vipcartw.com/,25,90000000,電腦軟體服務業,"Innovative platform for car rentals and transport, delivering efficient mobility.",
芯鼎科技股份有限公司,http://www.icatchtek.com,,900000000,IC設計相關業,IC設計相關業,
偉利科技股份有限公司,https://welly.tw/,90,3000000,網際網路相關業,網際網路相關業,
東遠精技工業股份有限公司,http://www.atma.com.tw,200,95000000,專用生產機械製造修配業,專精於網版印刷機與自動線之規劃、研發、製造、銷售與售後服務之整合服務,
英霸聲學科技股份有限公司,https://www.xround.co,25,30000000,消費性電子產品製造業,品牌無線智能音頻製造商,
台北雙星股份有限公司,https://www.taipeitwins.com/,80,5700000000,不動產經營業,不動產投資開發、百貨商場營運及連鎖飯店經營,
勤業眾信聯合會計師事務所,https://www2.deloitte.com/tw/tc.html,4200,,會計服務業,會計法務事務所,
聯詠科技股份有限公司,http://www.novatek.com.tw,2700,6000000000,半導體製造業,半導體相關業,
憶鎰科技有限公司,https://www.104.com.tw/company/1a2x6blnp6,,1000000,IC設計相關業,SSD韌體/軟體設計服務,
台塑_臺灣塑膠工業股份有限公司,https://www.fpg.com.tw/tw,11000,840200000000,塑膠製品製造業,製造業,
荷蘭商瑞力登國際有限公司台灣分公司,http://www.raritan.com,150,100000000,電腦及其週邊設備製造業,電腦資訊業,
恆準定位股份有限公司,http://www.p2-positioning.com,5,10000000,電腦軟體服務業,電腦軟體服務業,
台灣美光(台灣美光晶圓科技股份有限公司/台灣美光記憶體股份有限公司/美商美光亞太科技股份有限公司台灣分公司),http://tw.micron.com/,9000,65900000000,半導體製造業,高科技/半導體業,
104人力銀行_一零四資訊科技股份有限公司,https://corp.104.com.tw/zh/home/,950,300000000,網際網路相關業,網際網路,
剛鈺股份有限公司,http://www.ai-rider.com/,56,55000000,自動控制相關業,智慧停車管理系統與商用無人機研發製造,
行佳光電股份有限公司,http://www.mavenoptronics.com/,70,600000000,光電產業,MiniLED/MicroLED 顯示及照明產品,
晁碁科技股份有限公司,https://www.bizlution.com,8,20000000,其它軟體及網路相關業,其它軟體及網路相關業,
(台泥)臺灣水泥股份有限公司,http://www.taiwancement.com/,1200,70000000000,水泥及水泥製品製造業,製造業,
正基科技股份有限公司,http://www.ampak.com.tw,88,600000000,其他電子零組件相關業,網路通信業,
承啟醫系股份有限公司,http://www.emecca.com.tw,35,100000000,電腦軟體服務業,"醫療資訊服務業,醫療設備銷售",
新漢股份有限公司,http://www.nexcom.com.tw/,1000,1400000000,電腦及其週邊設備製造業,工業電腦研發、製造、服務,
神基科技股份有限公司,https://corporate.getac.com/careers/,750,5800000000,電腦及其週邊設備製造業,電腦事業、零組件事業,
新聿科技股份有限公司,https://www.zenithtek.com.tw/,180,600000000,其他電子零組件相關業,電子生產製造業,
綠湖數位醫療設備股份有限公司,https://www.melten.com/tw/,25,200000000,其他醫療保健服務業,其他醫療保健服務業,
台灣德賽西威有限公司,https://en.desaysv.com/,25,8000000,電腦系統整合服務業,電腦系統整合服務業,
商拓財經有限公司,https://pro.uanalyze.com.tw,20,8000000,電腦軟體服務業,財經數據庫及投資理財教學平台,
云辰電子開發股份有限公司,http://www.everspring.com/,75,1900000000,其它軟體及網路相關業,"數位科技,雲端運算,大數據相關產業",
歐凱得股份有限公司,https://www.okder.com.tw/,10,20000000,藥品／化妝品及清潔用品零售業,數位網路行銷,
塔台智能網絡股份有限公司,https://www.interagent.io/,7,15000000,電腦軟體服務業,智慧製造系統服務,
犀動智能科技股份有限公司,https://aiello.ai,65,,電腦軟體服務業,電腦軟體服務業,
"Super Micro Computer, Inc._美超微電腦股份有限公司",http://www.supermicro.com.tw/,5500,1500000000,電腦及其週邊設備製造業,電子資訊業,
高登智慧科技股份有限公司,https://www.goldensmarthome.com.tw,80,600000000,電腦系統整合服務業,健康促進產業，智慧化醫療器材及智慧化運動器材設計及製造業、AI雲端大數據分析,
美商太陽鳥軟體股份有限公司台灣分公司,http://www.sunbirddcim.com,,,電子通訊／電腦週邊批發業,資訊軟體業,
智動航科股份有限公司,https://www.xdynamics.com/,50,6200000,其它軟體及網路相關業,航空器與電子零件製造業,
台灣大哥大股份有限公司,http://www.taiwanmobile.com/index.html,4500,37200000000,電信相關業,通信業,
104測試_APP公司(請勿應徵),https://www.auto.2319.104.com.tw,1234,585500000000,菸草製造業,測試公司_856967890,
碁曄科技股份有限公司,http://www.jyt-inc.com/,,50000000,其它軟體及網路相關業,其它軟體及網路相關業,
富邦人壽保險股份有限公司(總公司),http://www.fubon.com/life/home,24000,150000000000,人身保險業,人壽保險相關業務,
晉泰科技股份有限公司,https://www.genesis.com.tw/,350,900000000,電腦系統整合服務業,資通訊系統整合銷售及服務規劃/資訊軟體銷售及服務規劃/雲端整合服務及規劃,
樂神電子股份有限公司,https://www.104.com.tw/company/13ulhm0g,30,,其他電子零組件相關業,POS電子資訊業 / 電子遊戲機進出口,
艾克爾國際科技股份有限公司,https://careers.amkor.com.tw/,30000,7800000000,半導體製造業,半導體封裝測試,
天鏡科技股份有限公司,https://www.skymirror.com.tw,25,50000000,電腦系統整合服務業,電腦系統整合服務業,
"大江生醫股份有限公司(TCI CO., Ltd)",http://www.tci-bio.com/,1000,1100000000,生化科技研發業,保健食品、保養品生化科技業、生物技術整合設計,
藝林國際育樂有限公司,https://www.facebook.com/eeleenentertainment,8,10000000,藝人／模特兒等經紀業,電影製作公司/藝人經紀公司,
禾宇自動化科技有限公司,https://www.104.com.tw/company/1a2x6bm4nf,20,,其他機械製造修配業,其他機械製造修配業,
元大金融控股股份有限公司(元大金控) (元大證券) (元大銀行),https://www.yuanta.com,15000,129400000000,金融控股業,金融相關業,
永豐金證券股份有限公司,https://securities.sinopac.com/,2400,16200000000,證券及期貨業,金融證券業,
精誠軟體服務股份有限公司,https://www.systexsoftware.com.tw/,,,電腦軟體服務業,電腦軟體服務業,
穗曄實業股份有限公司,http://www.prior.com.tw,200,800000000,化學原料製造業,高科技精密電子材料、化學原料貿易公司及製造商,
Aptly Technology Taiwan._台灣適宜科技有限公司,https://www.aptlytech.com/,,2000000,電腦系統整合服務業,電腦系統整合服務業,
點炻科技股份有限公司,https://www.rtube.com.tw/,33,26470000,網際網路相關業,新創軟體平台科技公司,
景傳光電股份有限公司,http://www.pixon.com.tw,160,200000000,半導體製造業,光電半導體製造業,
功典資訊股份有限公司,http://www.migocorp.com,50,100000000,電腦軟體服務業,資訊軟體 / 網際網路,
鉅創未來科技有限公司,http://gofled.com/,50,40000000,光電產業,光電產業,
宥豪數位股份有限公司,https://gsmarketing.tw/,22,3630000,廣告行銷公關業,提供成效型廣告、Martech工具等，協助企業維運、轉型、成長、數位化並建立數據商模,
Garena_新加坡商競舞電競有限公司臺灣分公司,https://careers.garena.com/tw,350,,網際網路相關業,線上遊戲平台開發、遊戲營運、遊戲研發、電子競技,
聯樂數位行銷股份有限公司,http://www.unisurf.tw/,58,25000000,廣告行銷公關業,商品數位行銷,
國祥貿易股份有限公司,http://www.lin.com.tw,160,100000000,電子通訊／電腦週邊批發業,集團規模為國內百大光學儀器商之一，77年世界知名品牌精密儀器及影像解決方案的專業。經驗豐富績效卓著。,
嘉捷科技企業股份有限公司,http://www.tpv-tech.com,1500,900000000,消費性電子產品製造業,顯示器相關產業,
先啟資訊系統股份有限公司(隸屬華航集團),http://www.sabretn.com.tw,70,,網際網路相關業,網路資訊系統服務相關業,
Google_美商科高國際有限公司,https://careers.google.com/locations/taipei/,,,網際網路相關業,網際網路相關業,
雲書苑教育科技有限公司,https://doublemind.net/,10,,其它軟體及網路相關業,軟體及網路相關業,
豐藝電子股份有限公司,https://www.promate.com.tw,380,2100000000,其他電子零組件相關業,1.母公司『豐藝電子』電子零組件代理 2.子公司『勁豐電子』液晶模組及嵌入式產品研發、製造,
卓樂藝電有限公司,https://www.104.com.tw/company/1a2x6blzkk,50,29800000,鞋類／布類／服飾品零售業,服飾電商產業結合時尚與科技，提供顧客個性化且無時間地點限制的購物體驗。,
明基電通股份有限公司,http://www.benq.com.tw/,1700,3200000000,消費性電子產品製造業,消費性電子,
譯碼遞有限公司,https://www.ematicsolutions.com/tw/,230,,廣告行銷公關業,電腦軟體服務業,
聯和科創股份有限公司,https://www.104.com.tw/company/1a2x6bmu75,35,100000000,電腦系統整合服務業,電腦系統整合服務業,
蒙恬科技股份有限公司,http://www.penpower.com.tw,70,400000000,電腦軟體服務業,資訊業,
海盜船科技股份有限公司,http://www.corsair.com,,,電腦系統整合服務業,記憶體及電腦相關製造業,
創見資訊股份有限公司,https://tw.transcend-info.com/,1300,4300000000,電腦及其週邊設備製造業,電腦周邊、電子產業,
工研院 _財團法人工業技術研究院,http://www.itri.org.tw,6000,,其他專業／科學及技術業,工商顧問,
毫米波科技股份有限公司,http://millilab.io/,15,35000000,其他電子零組件相關業,其他電子零組件相關業,
紫式大數據決策股份有限公司,https://www.dalabx.com.tw/,12,14000000,工商顧問服務業,提供企業做數位轉型所需要的資料健檢服務、評估與開發在既有資料基礎上適合導入的數據分析與優化解決方案,
農金資訊股份有限公司,http://www.afisc.com.tw,,,電腦軟體服務業,資訊服務業,
飛鳥車用電子股份有限公司,http://www.asuka-autotronics.com,50,100000000,汽車及其零件製造業,毫米波雷達感測器(Radar sensor)、物聯網專用之各項感測器、以及車用影音、汽車音響 (In-car Infotainment) ／行車安全輔助系統 等相關產品領域,
吉而特科技股份有限公司,http://glttek.com,13,28000000,光學器材製造業,光學器材製造業,
利凌企業股份有限公司,http://www.meritlilin.com,180,100000000,消費性電子產品製造業,B31 光電通信器材相關業,
永豐商業銀行股份有限公司,https://bank.sinopac.com/sinopacBT/index.html,6500,100000000000,銀行業,金融,
磐旭智能股份有限公司,https://www.amobile-solutions.com.tw/,110,300000000,其它軟體及網路相關業,其它軟體及網路相關業,
金磚通訊科技股份有限公司,http://www.brickcom.com,50,100000000,消費性電子產品製造業,安全監控、智慧居家產品研發及製造,
全智通機器人股份有限公司,https://aeolusbot.com/  ,,,消費性電子產品製造業,人工智慧機器人新創公司,
日辰資訊股份有限公司,http://www.ausenior.com.tw,80,100000000,電腦軟體服務業,電腦軟體服務業,
中光電智能機器人股份有限公司,https://www.coretronic-robotics.com/tw/index,292,100000000,電腦及其週邊設備製造業,AI人工智慧、無人飛行載具(Drone)、自主移動機器人(AMR)研發製造,
創鈞堂資訊有限公司,https://www.104.com.tw/company/1a2x6bkdm7,,5000000,電腦系統整合服務業,電腦系統整合服務業,
東捷資訊服務股份有限公司,http://www.itts.com.tw,450,200000000,電腦系統整合服務業,資訊服務業,
欣技資訊股份有限公司,https://www.cipherlab.com/?lang=1,230,900000000,電腦及其週邊設備製造業,電子資訊業,
翔耀實業股份有限公司,https://www.enlightcorp.com.tw/,,600000000,電腦及其週邊設備製造業,AI算力開發/電子商務/光電製造服務,
圖霸科技股份有限公司,https://www.map8.zone,50,200000000,電腦軟體服務業,電子地圖平台，軟體開發,
歐易亞科技股份有限公司,http://www.iChannels.com.tw,,77000000,網際網路相關業,網際網路相關業,
四零四科技股份有限公司,https://www.moxa.com/,1800,3000000000,電腦系統整合服務業,電腦暨網路通訊業,
連宇股份有限公司,https://uicpaymentsinc.com/,160,700000000,消費性電子產品製造業,電子交易讀卡機、金融個人密碼辨識器,
聯鎧電子股份有限公司,https://www.polaroidcarcam.com.tw,35,30380000,消費性電子產品製造業,汽、機車用行車記錄器＆電子配件，設計、生產製造、銷售。,
建漢科技股份有限公司,http://www.cybertan.com.tw,1100,3200000000,網際網路相關業,寬頻網際網路設備及無線存取設備研發製造,
ASMPT Technology Limited_香港商先進太平洋股份有限公司台灣分公司,https://www.asmpt.com,16000,100000000,半導體製造業,半導體設備外商公司,
方達科技股份有限公司,https://www.fundot.tw/,30,12000000,電腦軟體服務業,環境保護與資訊技術之橋梁,
信錦企業股份有限公司,http://www.syncmold.com.tw ,5000,1400000000,電腦及其週邊設備製造業,電子相關製造業,
矽創電子股份有限公司,https://www.sitronix.com.tw,400,1200000000,IC設計相關業,IC設計,
富宇翔科技股份有限公司,http://www.alifecom.com,,,通訊機械器材相關業,無線通訊產品量測儀器,
勤鋒科技股份有限公司,https://suntekglobal.com/,,2300000,電子通訊／電腦週邊批發業,電子通訊/電腦週邊批發業,
極智光電股份有限公司,https://www.bestintech.com.tw,40,100000000,光電產業,因應工業4.0與工廠自動化，我們提供了完整光學檢測，機器視覺 & 機電整合等方案，讓客戶完成工廠升級與符合產業需求。,
展市華科技有限公司,https://www.104.com.tw/company/1a2x6blbgu,,5000000,電腦軟體服務業,電腦軟體相關,
耐思尼股份有限公司,https://www.nexuni.com/,45,100000000,自動控制相關業,AI自動化解決方案及機器人研發,
常鴻新科技股份有限公司,http://www.ertek.com.tw,50,100000000,自動控制相關業,自動化檢測設備為工業4.0之核心，透過光學自動化設備解決人力檢測的限制，並解此以大數據提升產業競爭力。,
和泰汽車股份有限公司,https://www.hotaimotor.com.tw/career/,569,5400000000,其他汽機車相關業,"服務業,汽機車輛業,總代理",
克耐得資訊有限公司,http://www.onramplab.com/,50,15000000,網際網路相關業,AI人工智慧、雲端服務、網際網路相關業,
宏達電 HTC Corporation_宏達國際電子股份有限公司,https://www.htc.com/,2000,8200000000,消費性電子產品製造業,持續推升難以超越的沉浸式虛實互動體驗,
55688集團_台灣大車隊股份有限公司,http://www.taiwantaxi.com.tw/,459,500000000,網際網路相關業,一般服務業、網際網路業、廣告媒體銷售、旅遊休閒、數位雲端,
沛星互動科技股份有限公司,http://www.appier.com/,500,,多媒體相關業,行銷軟體資訊服務業,
王一設計_王一國際展覽室內裝修設計有限公司,https://www.kingone-design.com,80,,專門設計相關業,商業設計與多媒體設計相關業,
新加坡商立可人事顧問有限公司台灣分公司,https://www.recruitexpress.com.tw,,5000000,人力仲介代徵,招募服務，中高階獵才服務、薪資管理服務,
炬識科技股份有限公司,https://www.athemaster.com,30,23000000,電腦軟體服務業,Data & AI 資料服務產業,
易得雲端股份有限公司,https://www.evoxglobal.com,50,50000000,網際網路相關業,網際網路相關業,
基龍米克斯生物科技股份有限公司,https://www.genomics.com.tw/,205,900000000,生化科技研發業,生物科技/農業生技業,
奧圖碼股份有限公司,http://www.optoma.com ,450,,電子通訊／電腦週邊零售業,光電買賣業,
神達電腦股份有限公司,https://www.mitac.com,1200,22000000000,電腦及其週邊設備製造業,電子資訊業,
CMoney集團_口袋證券投資顧問股份有限公司,http://www.aipocket.com.tw/,23,80000000,證券及期貨業,金融證券投資相關,
友崴超級運算股份有限公司,https://www.ubilink.ai/,20,100000000,電腦軟體服務業,電腦軟體服務業,
遊戲新幹線科技股份有限公司,http://www.gameflier.com,60,800000000,網際網路相關業,網際網路,
博晶醫電股份有限公司,https://www.gomore.net/,70,300000000,其它軟體及網路相關業,本公司產業範疇涵蓋醫療電子、運動生理、半導體、與無線通訊、消費電子類穿戴設備的演算法,
凸版蓋特資訊股份有限公司,https://www.toppansecurity.com,40,40000000,網際網路相關業,"資訊安全, 身分認證,手機APP, 交易安全認證,行動認證, AI臉部辨識,AI深度學習, 數據分析, 軟體相關業",
統一資訊股份有限公司,http://www.pic.net.tw,600,200000000,電腦系統整合服務業,資訊服務,
飛輪電商有限公司,https://pse.is/AboutHOUR,170,28900000,工商顧問服務業,電商產業 第三方獨立賣家 (US Amazon E-commerce Third Party Seller),
信義房屋股份有限公司,https://hr.sinyi.com.tw,5000,7300000000,不動產經營業,不動產，上市公司股票代號：9940 (2023台灣高薪100指數),
迅得機械股份有限公司,http://www.saa-symtek.com,1000,700000000,電力機械器材製造修配業,自動化機器設備業,
鈺登科技股份有限公司,http://www.edge-core.com/,160,500000000,網際網路相關業,網路通訊相關業,
凌陽科技股份有限公司,https://www.sunplus.com,320,5900000000,IC設計相關業,IC設計,
現觀科技股份有限公司,https://www.ghtinc.com/tw/,145,,電腦軟體服務業,數位雲端,
香港商栢能科技有限公司,http://www.pcpartner.com,5000,100000000,消費性電子產品製造業,電腦電子製造業,
沛思坦網路股份有限公司,https://www.pacston.com,150,200000000,網際網路相關業,電腦資訊軟體外包服務業,
天瀚國際科技有限公司,https://www.facebook.com/universetech.taipei/,30,1000000,其它軟體及網路相關業,其它軟體及網路相關業,
台灣新光保全股份有限公司(SKS),https://www.sks.com.tw,1750,3800000000,保全樓管相關業,生活安心產業,
百商數位科技股份有限公司,http://www.mdbs.com.tw,110,100000000,網際網路相關業,網際網路相關業,
諾克思股份有限公司,https://www.104.com.tw/company/1a2x6bnd06,60,1000000,電腦系統整合服務業,電腦系統整合服務業,
緯創軟體股份有限公司,https://www.wits.com/tw/,13000,600000000,電腦軟體服務業,資訊軟體服務業,
美商賽美斯醫學科技有限公司,https://www.cims-global.com/,,,其他醫療保健服務業,臨床試驗eClinical,
捷喜多媒體數位股份有限公司,https://www.juksy.com,50,20000000,數位內容產業,網路媒體、原生廣告、品牌策略、整合行銷、網紅營銷、AI / 自動化部署,
新加坡商賽德科技有限公司台灣分公司,https://side.inc/zh-cht,110,500000,電腦軟體服務業,遊戲在地化服務,
智遊旅程股份有限公司,https://www.itainctw.com/,,,其它軟體及網路相關業,觀光旅遊產業軟體設計與開發,
AsiaYo_亞洲遊科技股份有限公司,https://asiayo.com,160,12000000,網際網路相關業,網路服務,
二十一世紀數位科技股份有限公司,https://www.happyfan7.com/Public,100,400000000,電腦軟體服務業,數位金融服務產業,
工樂行動科技股份有限公司,https://www.jgallop.com,,15000000,電腦系統整合服務業,電腦系統整合服務業,
遠雄人壽保險事業股份有限公司_仲雄通訊處(黃仁堂高階處經理)(113)遠雄壽險網徵字第024號,http://www.fglife.com,4300,18500000000,人身保險業,人身保險業,
富邦人壽保險股份有限公司(總公司),http://www.fubon.com/life/home,24000,150000000000,人身保險業,人壽保險相關業務,
火星人福氣金鑛股份有限公司,https://www.mars-ebank.com/zh-tw,33,300000000,網際網路相關業,新創科技,
帆卓股份有限公司,https://tw.fiisual.com/,10,,其他投資理財相關業,財經資訊軟體開發,
健和興端子股份有限公司,https://www.ksterminals.com.tw/,750,1500000000,其他電子零組件相關業,電子零組件製造業,
台灣美光(台灣美光晶圓科技股份有限公司/台灣美光記憶體股份有限公司/美商美光亞太科技股份有限公司台灣分公司),http://tw.micron.com/,9000,65900000000,半導體製造業,高科技/半導體業,
艾超科技有限公司,https://www.104.com.tw/company/1a2x6blmdg,50,,其它軟體及網路相關業,其它軟體及網路相關業,
物聯智慧股份有限公司,https://www.throughtek.com.tw,100,200000000,電腦軟體服務業,軟體、雲端、人工智能,
中華系統整合股份有限公司,http://www.ch-si.com.tw/,250,600000000,電腦軟體服務業,資訊服務業,
多方科技股份有限公司,https://www.augentix.com/,110,100000000,其他電子零組件相關業,IC設計公司,
OmniVision_台灣豪威科技有限公司,https://www.ovt.com,270,,半導體製造業,半導體工程及營運管理,
新誼整合科技股份有限公司,http://www.shinsoft.com.tw,77,300000000,電腦軟體服務業,安全監控及軟體相關業,
富邦人壽保險股份有限公司_高典通訊處(江曉菊)(核准文號114A01),http://www.fubon.com/life/,22310,118400000000,人身保險業,人身保險業,
Edwards_愛德華先進科技股份有限公司,http://tw.edwardsvacuum.com,750,,半導體製造業,高科技半導體設備產品 / 真空設備 / 歐洲商,
泓博無線通訊技術有限公司,http://www.hong-lin.com.cn,,100000000,通訊機械器材相關業,通訊機械器材相關業,
新加坡商安富利股份有限公司台灣分公司,http://www.avnet.com,1000,,其他半導體相關業,半導體及電子零組件通路,
所羅門股份有限公司,http://www.solomon.com.tw,850,1700000000,自動控制相關業,智能自動化產品(AI、3D Vision、Robotics、Ａutomation、IoT) 、 能源設備 、光電顯示等解決方案及電子零件代理。,
騰騏科技股份有限公司,https://www.joyvision-3d.com,,,電腦及其週邊設備製造業,電腦及其週邊設備製造業,
兆赫電子股份有限公司,https://www.zinwell.com.tw/,800,3900000000,其他電信及通訊相關業,光電通信器材相關業,
臻鼎科技股份有限公司,http://www.zdtco.com,46000,9400000000,印刷電路板製造業(PCB),印刷電路板製造業,
樂創互娛科技有限公司,https://www.104.com.tw/company/1a2x6bky51,25,6000000,電腦系統整合服務業,網路主機架設、網路監管開發服務代管 、線上直播平台的開發與維護,
神準集團_恩嘉科技股份有限公司,http://www.emplustech.com/,360,,通訊機械器材相關業,專業網通設備設計/製造商,
普發真空科技股份有限公司,http://www.pfeiffer-vacuum.com/home/index.action,78,77000000,半導體製造業,精密機械,
美時化學製藥股份有限公司,http://www.lotuspharm.com.tw/,750,3000000000,藥品製造業,製藥業,
泉銪科技有限公司,https://www.104.com.tw/company/1a2x6bl7px,45,9000000,半導體製造業,半導體設備服務業,
英諾菲數位科技股份有限公司,https://www.inefi.com/,,,其它軟體及網路相關業,電腦軟體服務業,
美商Fortinet_英屬蓋曼群島商防特網股份有限公司台灣分公司,http://www.fortinet.com,200,,網際網路相關業,網際網路相關業,
聖森雲端科技股份有限公司,http://www.shengsen.com.tw/,100,70000000,電腦系統整合服務業,資訊服務業,
摩絡人工智慧股份有限公司,https://moraleai.com,5,4500000,電腦軟體服務業,電腦軟體服務業,
MyGo商學苑_平安房屋仲介股份有限公司,https://www.mygo.com,100,5000000,不動產經營業,MyGo商學苑-房地產網際網路相關業,
奕界科技有限公司,https://www.ikigai.team/,40,5000000,電腦軟體服務業,電腦軟體服務業,
台灣樂天市場股份有限公司,https://www.rakuten.com.tw/,250,4800000000,網際網路相關業,網際網路相關業,
貝荷瑪科技有限公司,https://www.104.com.tw/company/1a2x6blrqv,25,1000000,電腦軟體服務業,電腦軟體設計、H5遊戲開發、遊戲設計、APP遊戲開發、數據平台建置維護、企業網站設計,
牧德科技股份有限公司,http://www.machvision.com.tw/index.php/zh-tw/,290,500000000,光學器材製造業,光電產業,
遊戲橘子數位科技股份有限公司,http://www.gamania.com,1000,1700000000,其它軟體及網路相關業,B20 軟體相關業,
宜鼎國際股份有限公司,http://www.innodisk.com,800,800000000,電腦及其週邊設備製造業,工業電子儲存媒體製造業,
應用奈米科技股份有限公司,https://www.ants-inc.com.tw/,50,100000000,半導體製造業,半導體、金屬加工相關業,
天新資訊股份有限公司,http://www.fiti.com.tw/,48,30000000,電腦軟體服務業,電腦資訊系統,
神通資訊科技股份有限公司,https://www.mitac.com.tw/,1000,1700000000,電腦系統整合服務業,電腦系統整合服務業,
德扉商事有限公司,http://www.grant-gate.com/,,500000,工商顧問服務業,日商企業，專業事業管理顧問，品牌行銷顧問，國際貿易，國內流通、系統開發。,
鈊象電子股份有限公司,http://www.igs.com.tw,1100,2800000000,網際網路相關業,遊戲、軟體相關產業,
天譽軟體有限公司,https://www.104.com.tw/company/1a2x6bmhc4,30,5000000,電腦系統整合服務業,電腦系統整合服務業,
杰倫智能科技股份有限公司,https://www.profetai.com/,70,31000000,電腦軟體服務業,電腦軟體服務業,
慧友電子股份有限公司,http://www.everfocus.com,150,600000000,通訊機械器材相關業,"安控整合解決方案器材,安控與自動化科技",
中鼎集團_新鼎系統股份有限公司,http://www.asi.ctci.com/,200,200000000,電腦系統整合服務業,系統整合服務、工程技術顧問服務,
大成長城企業股份有限公司,http://www.dachan.com,2900,9900000000,農事及畜牧服務業,動物營養、飼料等農畜產業,
茂林光電科技股份有限公司,https://www.glthome.com.tw/,2000,1300000000,光電產業,B31 光電通信器材相關業,
達易智造股份有限公司,https://www.dotzero.com,30,55000000,電腦軟體服務業,智慧生產解決方案、工業物聯網數據採集、數位轉型升級策略顧問,
順立智慧股份有限公司,https://www.cyberbiz.io,200,200000000,其它軟體及網路相關業,資訊軟體設計公司,
普安科技股份有限公司,https://www.infortrend.com,450,2800000000,電腦系統整合服務業,資訊電子業,
國際數感教育股份有限公司,https://numeracylab.com/,46,2000000,工商顧問服務業,教育服務業,
POSITIVE GRID_佳格數位科技有限公司,https://www.positivegrid.com/,130,32000000,電腦軟體服務業,"Music, Technology, and Mobile Software",
鼎漢國際工程顧問股份有限公司,http://www.thi.com.tw,230,66230000,其他專業／科學及技術業,交通工程顧問業,
波波金融科技股份有限公司,https://www.dudupay.com.tw/,60,50000000,其他金融及輔助業,數位金融服務及輔助業,
和碩集團_和碩聯合科技股份有限公司,http://www.pegatroncorp.com,6000,22000000000,電腦及其週邊設備製造業,電腦及其週邊設備製造業,
泓偊科技股份有限公司,http://www.kci-global.com.tw,,50000000,光電產業,光電、半導體設備改造及整合、工業物聯網,
台驊國際控股股份有限公司,http://www.t3ex-group.com,1500,1100000000,貨運承攬業,亞太區第一家物流產業控股集團，服務項目包含海、空、鐵路、倉儲等多元服務。,
精誠資訊股份有限公司,http://tw.systex.com/,4500,2600000000,電腦系統整合服務業,資訊服務業,
卓越動力資訊股份有限公司,https://www.solventosoft.com.tw,100,22000000,電腦系統整合服務業,電腦系統整合服務業,
皇基股份有限公司,http://www.royalbase.com,140,1000000000,生化科技研發業,以生物科技改良作物栽培模式，加強研發技術及品種開發創造公司價值,
力晶積成電子製造股份有限公司(力積電),https://www.powerchip.com/,8200,50000000000,半導體製造業,其他半導體相關業,
維曙智能科技有限公司,http://www.vizuro.com,,12000000,電腦軟體服務業,AI 資料科學服務,
彩富電子股份有限公司,http://www.dynacolor.com.tw,390,1000000000,通訊機械器材相關業,網路視頻產品/機器視覺產品/自動光學檢測系統,
國泰金控_國泰金融控股股份有限公司,https://www.cathayholdings.com/holdings/,800,162000000000,金融控股業,涵蓋銀行、人壽、產險、證券、投信、投顧、資產管理等。,
美商浪橋科技股份有限公司_Splashtop Inc.,https://www.splashtop.com,100,300000000,電腦軟體服務業,雲端服務及軟體開發,
福能股份有限公司,https://www.femctw.com,56,1000000000,光電產業,太陽能光電、儲能、軟體開發及設計,
hyve solutions_海峰電腦股份有限公司,http://hyvesolutions.com,1003,,電腦系統整合服務業,Cloudserver Technology,
阿波羅電力股份有限公司,https://re100.com.tw/,95,1000000000,電力供應業,能源產業 提供企業ESG服務/發電廠/儲能案場 EPC建置/儲能應用 /資訊服務,
天下雜誌股份有限公司,https://www.cw.com.tw/,700,,雜誌／期刊出版業,新聞媒體傳播,
三商電腦股份有限公司,https://www.mds.com.tw/,825,1900000000,電腦軟體服務業,電腦系統整合服務業,
全球精品時尚眼鏡總代理_嘉晏光學股份有限公司,http://www.changsoptical.com/,180,100000000,鐘錶／眼鏡零售業,眼鏡時尚精品,
祐安資訊有限公司,http://twcoding.com,60,,電腦軟體服務業,資訊軟體顧問業 - 軟體及網路相關業 - 電腦系統整合服務業,
精英人力資源股份有限公司,https://www.imc.com.tw/,,30000000,人力仲介代徵,就業服務、顧問諮詢,
宏益科技服務股份有限公司,https://www.kenconts.com,75,30000000,電腦軟體服務業,電腦軟體服務業,
台灣房屋仲介股份有限公司,http://www.twhg.com.tw,8000,50000000,不動產經營業,不動產仲介業,
橙然能源股份有限公司,https://mobiusrenewable.com/,12,200000000,光電產業,光電產業,
美好證券股份有限公司,https://www.goodfinance.com/,400,3500000000,證券及期貨業,金融證券產險相關業,
光寶科技股份有限公司,https://www.liteon.com,30000,23500000000,消費性電子產品製造業,全球光電元件及電子關鍵模組領導廠商,
宇峻奧汀科技股份有限公司,https://www.userjoy.com.tw/,500,500000000,電腦軟體服務業,軟體相關業/遊戲相關產業,
新特系統股份有限公司,https://www.sync-tech.com.tw/,270,,半導體製造業,Probe Card製造,
萬寶華企業管理顧問股份有限公司,https://www.manpowergrc.tw,,,人力仲介代徵,企業人力資源解決方案服務、人才派遣服務、中高階人才轉職服務,
台灣美光(台灣美光晶圓科技股份有限公司/台灣美光記憶體股份有限公司/美商美光亞太科技股份有限公司台灣分公司),http://tw.micron.com/,9000,65900000000,半導體製造業,高科技/半導體業,
甲山林集團_愛山林建設開發股份有限公司,https://www.isanlin.com/,600,3900000000,不動產經營業,營建業,
昕傳科技股份有限公司,http://www.wavegis.com.tw,40,50000000,電腦軟體服務業,結合硬體設計、軟體開發與系統整合為核心能力，並整合地理資訊(WebGIS)、M2M、IoT物聯網與無線傳輸應用領域，發展智慧城市應用,
山淬股份有限公司,http://www.suntrail.com.tw,32,60000000,其他商品批發業,電子商務營運商,
致茂電子股份有限公司,http://www.chroma.com.tw,1950,5000000000,其他電子零組件相關業,以自有品牌”Chroma”行銷全球，為精密電子量測儀器、自動化測試系統、智慧製造系統與全方位量測&自動化Turnkey解決方案領導廠商。,
台灣美日先進光罩股份有限公司,http://www.pdmc.com.tw,610,2800000000,半導體製造業,半導體光罩業,
微星科技股份有限公司,http://www.msi.com,,8400000000,消費性電子產品製造業,電腦系統製造業,
亦思科技股份有限公司,https://www.is-land.com.tw/ ,100,,電腦軟體服務業,電腦軟體服務業,
帆宣系統科技股份有限公司,https://www.micb2b.com/,700,1800000000,半導體製造業,半導體積體電路電子/光電科技/電腦儀器設備/科技服務,
殷富資訊股份有限公司,https://www.infotech.com.tw,95,74000000,電腦系統整合服務業,資訊服務業,
行動貝果有限公司,https://mobagel.com/tw/,90,400000000,數位內容產業,AI人工智慧、雲端服務、自動化數據分析,
杏創生物科技股份有限公司,https://neogenesis-biotech.com,10,28000000,藥品／化妝品及清潔用品零售業,再生醫療、預防醫學 、生物科技、保健保養品,
中強光電股份有限公司,https://www.coretronic.com/,11313,3900000000,光電產業,光電科技製造業,
印正有限公司,https://www.104.com.tw/company/1a2x6bkecc,30,4900000,IC設計相關業,IC設計服務業,
東籬資訊股份有限公司,https://www.Lhy.com.tw,6,5000000,電腦系統整合服務業,電腦系統整合暨軟體系統開發,
四天科技有限公司,https://www.104.com.tw/company/1a2x6bmxsm,,500000,電腦軟體服務業,電腦軟體服務業,
誠雲科技股份有限公司,http://ct-cloud.com/,50,72680000,電腦軟體服務業,雲端產業軟硬體開發與結合及雲端資料運算處理分析,
博倫思先進股份有限公司,https://www.104.com.tw/company/1a2x6bjjep,9,15000000,光電產業,光電產業,
遠東國際商業銀行股份有限公司,https://www.feib.com.tw/,2583,55000000000,銀行業,金融業,
田宜創智股份有限公司,https://www.n4ai.com,20,21000000,汽機車及其零配件用品／批發業,汽車相關業,
復華證券投資信託股份有限公司,https://www.fhtrust.com.tw/,390,600000000,證券及期貨業,A-4金融証券產險相關業,
德凱宜特股份有限公司,https://www.dekra-ist.com,165,500000000,消費性電子產品製造業,測試服務業,
咸軏智能科技股份有限公司,http://www.cyweemotion.com/,60,30000000,電子通訊／電腦週邊批發業,體感技術研發、設計及應用開發,
優渥科技有限公司,https://www.104.com.tw/company/1a2x6bkwi4,,,電腦軟體服務業,電腦軟體服務業,
精材科技股份有限公司,http://www.xintec.com.tw,1500,4000000000,半導體製造業,半導體相關產業,
全豐利實業有限公司,https://www.104.com.tw/company/1a2x6bjowc,30,42000000,綜合商品批發代理業,綜合商品批發代理業,
核桃運算股份有限公司,http://www.bigobject.io/,50,23000000,電腦軟體服務業,去中心化AI-Ready數據生態平台與服務,
鉅怡智慧股份有限公司,https://www.faceheart.com/,,,電腦軟體服務業,AI、影像式生理資訊量測技術、智慧健康照護,
瞬聯科技股份有限公司,https://www.cienet.com/,100,50000000,其它軟體及網路相關業,其它軟體及網路相關業,
愛酷智能科技股份有限公司,https://accu.to/hC7cni,90,300000000,網際網路相關業,資訊業,
樂遊玩家國際旅行社有限公司,https://www.104.com.tw/company/1a2x6bmtzv,20,6000000,旅遊服務業,旅遊服務業,
出奇整合廣告股份有限公司,http://www.ai-ad.com.tw,30,15000000,網際網路相關業,Google官方菁英夥伴，透過數位科技與虛實整合行銷，在數位浪潮下，與公司內部夥伴及外部客戶，一起成長，一起成功！,
前網數位資訊股份有限公司,https://www.cianwang.com/,,,電腦軟體服務業,網站建置、網頁設計、系統開發、數位行銷、賽事系統、資訊顧問,
藝珂人事顧問股份有限公司,https://www.adecco.com.tw/,,33660000,人力仲介代徵,獵才服務、人力派遣與顧問諮詢,
(捷普集團)綠點高新科技股份有限公司捷普設計服務分公司,https://www.jabil.com/,140000,,消費性電子產品製造業,EMS 產品研發設計製造,
迪芬尼聲學科技股份有限公司,http://www.tymphany.com/,350,,電子通訊／電腦週邊批發業,產品設計業/電器批發業,
雲發互動科技有限公司,http://no8.io,,71500000,其它軟體及網路相關業,"SaaS, 雲計算, 人工智慧，大數據，Martech.",
哈彼科技股份有限公司,https://www.havppen.com/,10,5000000,電腦系統整合服務業,電腦系統整合服務業,
經緯智慧科技股份有限公司,https://www.utsi.com.tw,60,60000000,電腦系統整合服務業,電腦系統整合服務業,
佛特納國際資訊有限公司,http://fortunateinfo.com/,,5000000,電腦軟體服務業,電腦軟體服務業,
若水國際股份有限公司,http://www.flow.tw/,70,600000000,工商顧問服務業,資訊服務業,
喬睿科技股份有限公司,https://www.tappaysdk.com,,80000000,網際網路相關業,資訊服務,
兆揅科技股份有限公司,http://www.zyaitech.com,,,電腦系統整合服務業,光電,
廣明光電股份有限公司_廣達關係企業,http://www.qsitw.com,3500,2700000000,光電產業,光電業,
奕瑞科技有限公司,https://www.eraysecure.com.tw/,,12000000,電腦系統整合服務業,AI 智慧影像辨識、資安、資通訊網路、安防監控,
臺北市政府青年實習平臺,https://www.104.com.tw/company/1a2x6bn6u8,,,政府／民意機關,政府／民意機關,
曙客股份有限公司,https://www.myfunnow.com,150,100000000,其它軟體及網路相關業,其它軟體及網路相關業,
訊舟科技股份有限公司,http://www.edimax.com,900,2200000000,電腦及其週邊設備製造業,專業網通設備設計/製造商,
DIGITIMES INC._大椽股份有限公司,http://www.digitimes.com,200,200000000,工商顧問服務業,提供國內外科技企業、政府機構，專業的新聞、資訊、行銷與顧問研究服務,
立承系統科技股份有限公司,https://www.3svision.tw,120,1000000000,電腦系統整合服務業,通訊電子產業/資訊服務業/軟體科技,
新安東京海上產物保險股份有限公司,https://www.tmnewa.com.tw ,1500,20000000000,產物保險業,金融產險業,
儀衡工程技術顧問股份有限公司,https://www.pavement.com.tw,15,15000000,檢測技術服務,交通工程顧問與鋪面自動化非破壞性檢測,
雲創通訊股份有限公司,http://www.m2comm.co,,100000000,其他電信及通訊相關業,低功耗無線通訊系統設計與應用   智慧型電子標籤,
天昕科技股份有限公司,https://www.104.com.tw/company/1a2x6bma07,16,5000000,電腦軟體服務業,SaaS 服務開發,
智群智慧股份有限公司,https://www.sgsc.ai/,,200000000,生化科技研發業,Medical AI & Advanced Medical Equipment,
久浪智醫股份有限公司,https://www.anivance.io/,20,,生化科技研發業,晶片與智慧醫療科技業,
碩誠國際股份有限公司,http://www.serlinkin.com/,,100000000,電腦軟體服務業,資訊軟體顧問業、軟體及網路相關業、電腦系統整合服務業,
山富國際旅行社股份有限公司,https://www.travel4u.com.tw,500,300000000,旅遊服務業,旅遊休閒相關業,
威許移動股份有限公司,https://www.wishmobile.com,55,60000000,網際網路相關業,會員系統 / 預約系統 / 儲值系統 / 訂閱制系統 / 堂票系統 / APP / CRM / LINE CRM / OMO / O2O,
資策會_財團法人資訊工業策進會,http://www.iii.org.tw,2000,700000000,電腦軟體服務業,資訊服務業,
新析生物科技股份有限公司,https://www.syncell.com/,60,200000000,生化科技研發業,生物科技業,
三竹資訊股份有限公司,https://www.mitake.com.tw,365,400000000,其它軟體及網路相關業,軟體公司/網路公司/電子商務/電子交易/行動券商,
智穎智能股份有限公司,https://www.moldintel.com,15,80000000,其它軟體及網路相關業,AI SaaS解決方案,
和鑫生技開發股份有限公司,http://www.nanoray.com,,100000000,生化科技研發業,生物醫學、醫療影像、工業檢測,
零壹科技股份有限公司_Zero One Tech,https://www.zerone.com.tw/,350,1500000000,電腦系統整合服務業,網際網路相關業；軟體相關業；電腦週邊相關業；電腦系統相關業,
侍達遊戲藝術有限公司,https://www.sg-arts.com/,,5000000,其它軟體及網路相關業,其它軟體及網路相關業,
及成企業股份有限公司,https://www.chicheng.com.tw,130,100000000,消費性電子產品製造業,3C產品零組件製造業,
泰詠電子股份有限公司,https://www.topunion.com.tw/zh-tw/human-resources,500,1800000000,消費性電子產品製造業,EMS 電子產品專業生產服務( 台灣/上海/蘇州 ),
維林軟體有限公司,https://www.vlink-soft.com,,5000000,電腦系統整合服務業,資訊軟體服務業,
翰霖文理短期補習班,https://www.168net.tw/hl/,30,,補習班,教育服務業,
凱基金融控股股份有限公司|凱基證券|凱基銀行|中華開發資本|凱基投信,https://www.kgi.com/zh-tw/,24000,149800000000,金融控股業,壽險、銀行、證券、投信及私募股權／資產管理,
暢騰科技有限公司,https://www.104.com.tw/company/1a2x6bly1g,,,電腦軟體服務業,電腦軟體服務業,
先行智庫股份有限公司,https://www.kscthinktank.com.tw/  ,,3000000,工商顧問服務業,先行智庫是一家專注在人才升級與數位轉型的資訊科技管理顧問公司，旨以整合全球數位科技與領先知識，幫助我們的客戶更成功為使命。我們的服務包含：企業內訓、線上課程、商業與資訊顧問、雲端AI軟體等。,
維呈科技股份有限公司,https://www.104.com.tw/company/1a2x6bmypp,17,18000000,環境衛生及污染防治服務業,環境工程、環境資訊、環境設備,
高林實業股份有限公司,http://www.collins.com.tw,354,2000000000,百貨相關業,進出口貿易、百貨零售、日系餐飲,
啟發電子股份有限公司,http://www.gomax-electronics.com.tw,65,200000000,多媒體相關業,光電通信器材相關業,
華經資訊企業股份有限公司,http://www.fis.com.tw,356,600000000,電腦系統整合服務業,資訊服務業,
矽格股份有限公司,http://www.sigurd.com.tw,2300,4800000000,半導體製造業,半導體相關產業,
龍星企業股份有限公司,http://www.luckygroup.biz,100,28800000,綜合商品批發代理業,進出口貿易商,
奧米科技有限公司,http://www.twarmitech.com,30,2000000,電腦軟體服務業,資訊軟體服務業,
翔勝企業股份有限公司,https://corp.setec.com.tw/,120,100000000,自動控制相關業,自動化工程服務機構/工業局審查合格,
冠信電腦股份有限公司_台達電子集團,http://www.atrustcorp.com/,146,1800000000,電腦及其週邊設備製造業,電腦及其週邊設備製造業,
馬來西亞商思想科技有限公司台灣分公司,https://masterconcept.ai/,,,消費性電子產品製造業,電腦軟體服務業/ 雲端系統/ Google白金級代理商,
NVIDIA_新加坡商輝達開發有限公司台灣分公司,http://www.nvidia.com.tw,18975,5000000,其他半導體相關業,其他半導體相關業,
中華資安國際股份有限公司,https://www.chtsecurity.com,,1000000000,電腦軟體服務業,資訊服務業,
亞洲光學股份有限公司,http://www.asia-optical.com.tw,1200,2800000000,光學器材製造業,製造業,
CHPT_中華精測科技股份有限公司,https://www.chpt.com,1200,300000000,半導體製造業,半導體測試用品之Total Solution（產品規格訂定、研發、設計、組裝、售後維修除錯服務 ）,
虹光精密工業股份有限公司,https://www.avision.com.tw,380,2100000000,光電產業,電腦週邊產業，光電產業，自動控制產業，精密光學與精密機械工業,
雲動力資訊股份有限公司,https://www.dynacloud.ai/,,50000000,電腦軟體服務業,電腦軟體服務業,
力億企業股份有限公司,http://www.tigerpower.com,350,100000000,消費性電子產品製造業,電子製造業,
Eunodata_御諾資訊股份有限公司,https://www.eunodata.com/,25,48420000,電腦軟體服務業,半導體AI軟體服務業,
鏵友益科技股份有限公司,http://www.hyetech.com.tw/index.php?lang=cht,150,300000000,其他金屬相關製造業,自動化、檢量測設備設計開發及生產製造,
雄獅資訊科技股份有限公司,https://www.liontech.com.tw,206,18000000,電腦軟體服務業,MIS及軟體相關業,
群光電子股份有限公司,https://www.chicony.com,34000,7000000000,電腦及其週邊設備製造業,電子零組件類/光電相關產業,
英屬開曼群島商樂威科股份有限公司,https://www.raku-tec.com.tw/wordpress/,300,300000000,專門設計相關業,精品時尚產業,
元盛生醫電子股份有限公司,https://dermagpt.com/,12,100000000,醫療器材製造業,美妝數位轉型服務,
威旭資訊股份有限公司,https://www.viciholdings.com/,150,100000000,電腦軟體服務業,量化交易技術 Quantitative Trading Technology,
新堡科技股份有限公司,https://www.etechpro.com.tw/,40,100000000,電腦系統整合服務業,MIS系統整合相關業 / 資訊服務業,
皇丞創新科技股份有限公司,https://hillcorp.com/h/Index?key=bsk2g,70,300000000,電腦系統整合服務業,智能自助服務設備 設計/製造/整合商,
辰振工業有限公司,https://www.104.com.tw/company/157mdig8,30,29000000,其他電子零組件相關業,資訊電子業,
日成科技股份有限公司,https://www.osa-international.com,15,11000000,電力機械器材製造修配業,再生能源 (沼氣系統、地熱系統)、先進儀器、工業監控、控制和數據分析,
雲景科技股份有限公司,https://www.104.com.tw/company/1a2x6ble29,120,,電腦系統整合服務業,智慧裝置軟體服務業,
將捷股份有限公司,https://www.fabulousgroup.com.tw/,170,2600000000,建築工程業,不動產開發業；從事不動產開發、住宅、大樓及其他建設投資興建、租售業務等行業。,
TVBS_聯利媒體股份有限公司,http://www.tvbs.com.tw,1400,900000000,電視業,定位品牌為「科技媒體」，從強化內容出發，輻射出各種經紀、電視、網路節目、電商等業務，創造出最頂尖品牌,
采鋐健康整合集團_采照策略顧問股份有限公司,http://www.media-wind.com.tw,170,11000000,工商顧問服務業,致力於病患支持服務、醫藥整合行銷、健康電商以及醫病溝通科技,
寬山室內裝修有限公司,http://www.kuan-design.com.tw,3,1000000,室內設計業,室內裝修設計業,
芳茲生技_芳茂企業股份有限公司,https://www.fun-s.com.tw,60,100000000,食品什貨零售業,食品什貨零售業,
康軒文教事業股份有限公司,http://www.knsh.com.tw,800,800000000,書籍出版業,教育事業,
醫華生技股份有限公司,https://www.cytoaurora.com/,,100000000,生化科技研發業,生化科技研發業,
華騰國際科技股份有限公司(ATP Electronics Taiwan Inc.),http://www.atpinc.com/,400,800000000,資料儲存媒體製造及複製業,"Industrial grade Flash Module, DRAM Module, USB Drive",
秧悦美地度假酒店_君達育樂事業股份有限公司,https://www.yinsherb.com.tw,150,400000000,旅館業,觀光飯店休閒相關產業 / 農業生技有機產品/身體及臉部保養品零售業,
威達高科股份有限公司,http://www.weidahitech.com,,200000000,IC設計相關業,"結合歐洲技術與台灣IC設計團隊, 開創前瞻性產品的IC設計公司",
八洋精密股份有限公司,https://www.crestdiving.com/,,12740000,綜合商品批發代理業,潛水運動電腦錶相關產品設備之設計、開發、銷售,
辛耘企業股份有限公司,http://www.scientech.com.tw/,700,800000000,半導體製造業,1、半導體設備製造產業  2、設備代理銷售產業  3、晶圓再生相關產業,
亮紫科技股份有限公司,https://www.104.com.tw/company/1a2x6blnui,45,300000000,其他半導體相關業,半導體測量與服務,
艾思通科技股份有限公司,https://www.astrogate.com/zh-hant/,24,100000000,其它軟體及網路相關業,多媒體影音傳輸產品,
17LIVE_藝啟股份有限公司,https://about.17.live/,800,,網際網路相關業,網際網路相關業,
數位無限軟體股份有限公司,https://www.infinitix.ai,40,30000000,電腦軟體服務業,軟體研發業、資訊服務業、電腦軟體服務業,
香港商匯動科技顧問有限公司台灣分公司,https://www.acc-erp.com,,500000,電腦軟體服務業,ERP軟體開發、ERP軟體實施服務,
上盈通訊股份有限公司,http://www.soundwin.com,,60000000,通訊機械器材相關業,人工智慧AI互聯網服務產品;Android 嵌入式軟體硬體開發商,
永訊智庫股份有限公司,https://www.sustaihub.com/,20,23000000,電腦軟體服務業,資訊軟體與CSR/ESG顧問服務,
StreetVoice _街聲股份有限公司,http://tw.streetvoice.com,50,25000000,網際網路相關業,網際網路相關業,
盟訊國際研發股份有限公司,http://www.at-global.com,50,,其它軟體及網路相關業,大型企業、中小型企業與家庭個人用戶之網路設備研發與銷售,
宸鴻光電科技股份有限公司,http://www.tpk.com,38000,500000000,光電產業,電子相關製造業,
液空台灣_亞東工業氣體股份有限公司,https://tw.airliquide.com/,770,2100000000,化學原料製造業,化工科技產業,
三弦科技有限公司,https://shutokou.cc/,,1000000,電腦軟體服務業,軟體相關的設計、開發、測試、部署、維護和支持服務,
台灣電鏡儀器股份有限公司,https://www.temic.com.tw/,,200000000,精密儀器相關製造業,電子束檢測設備與周邊耗材設計製造,
互動國際數位股份有限公司,https://www.idtech.com.tw/,350,300000000,電腦系統整合服務業,通訊網路系統整合/資訊/電信/科技業,
網銀國際股份有限公司,http://www.wanin.tw,650,2400000000,電腦軟體服務業,資訊軟體服務業,
富邦證券投資信託股份有限公司,http://www.fsit.com.tw/,200,2700000000,銀行業,A-4金融証券產險相關業,
泓德能源科技股份有限公司,https://www.hdrenewables.com,390,2000000000,光電產業,再生能源,
晶元光電股份有限公司(晶電),http://www.epistar.com/,4000,13000000000,光電產業,光電材料及元件研發製造,
公隆實業股份有限公司,https://www.kelly.com.tw/,50,50000000,綜合商品批發代理業,專注於特用家具解決方案專家,
TOTOLINK Taiwan_台灣吉翁電子股份有限公司,http://www.totolink.tw,,,網際網路相關業,網路通訊相關業,
見臻科技股份有限公司,https://ganzin.com/,30,200000000,其他電子零組件相關業,用於VR/AR/智慧眼鏡的微型眼球追蹤解決方案,
美商昇迪凡科技術有限公司台灣分公司,https://www.centific.com/,3200,,電腦軟體服務業,電腦軟體服務業,
演繹開發股份有限公司,https://www.104.com.tw/company/1a2x6bm5qv,71,5000000,工商顧問服務業,電腦軟體服務業,
國家住宅及都市更新中心,https://www.hurc.org.tw,310,,不動產經營業,政府╱民意機關 ,
瑞勝捷科技股份有限公司,http://www.recynergy.com,40,55000000,其他半導體相關業,其他半導體相關業,
宏致電子股份有限公司,http://www.acesconn.com,6000,1400000000,其他電子零組件相關業,電子連接器製造產業，製造電腦、通訊等產品使用之高精密連接器,
廣化科技股份有限公司,https://www.sss-tech.com.tw/,95,200000000,半導體製造業,半導體設備業,
財團法人臺灣生活美學基金會,https://clab.org.tw/,,,其他組織,臺灣當代文化實驗場成立於2018年，由文化部所屬「臺灣生活美學基金會」負責規劃執行。計畫目標在於打造文化創新生態系，推動文化實驗和社會創新，並提供公眾文化體驗與探索文化未來性的平台。,
悠由數據應用股份有限公司,https://datayoo.com.tw/,22,62000000,其他專業／科學及技術業,AI數據作用於精準農業與環境永續,
虎門科技股份有限公司,http://www.cadmen.com,110,200000000,電腦系統整合服務業,1.産品䦕發研發服務 2.工業4.0開發及電腦系統整合服務 3.精實資訊管理開始及雲端應用,
威健實業股份有限公司,http://www.weikeng.com.tw,490,4200000000,電子通訊／電腦週邊批發業,半導體代理商/資訊周邊產品通路商,
AVIS艾維士租車_安維斯汽車租賃股份有限公司,https://www.avis-taiwan.com,130,500000000,運輸工具設備租賃業,汽車租賃業,
和康生物科技股份有限公司,https://mbi-bio.com/zh-hant/,140,800000000,生化科技研發業,生醫材料產品,
千享國際企業股份有限公司,https://www.104.com.tw/company/1a2x6bm023,62,40000000,電腦系統整合服務業,AI Agent智慧觀光系統、數位資訊整合服務、觀光即時影像、互動ARVR數位實境、行動服務、社群經營、整合行銷,
亞太智能機器股份有限公司,https://www.apmic.ai,30,40000000,電腦軟體服務業,"GenAI, LLM, SAI(sovereign ai)",
上銀集團_邁萃斯精密股份有限公司,http://www.matrix-machine.tw,200,1500000000,金屬加工用機械製造修配業,精密機械業,
大學光學科技股份有限公司_大學眼鏡/大學眼科/大學醫美,https://www.uvb.com.tw/,1000,800000000,其他醫療保健服務業,醫學、光學、美學專業技術服務,
網資科技股份有限公司,https://www.akousist.com/,15,21000000,其它軟體及網路相關業,"人工智慧, LLM, 生技醫療, 醫療器材, SaMD",
準旺科技股份有限公司,https://www.104.com.tw/company/1a2x6bm2ik,10,18590000,其它軟體及網路相關業,其它軟體及網路相關業,
碩明綠能股份有限公司,https://www.solming.com/,,,光電產業,光電產業,
晶豪科技股份有限公司,https://www.esmt.com.tw,600,2800000000,半導體製造業,半導體相關業,
薩摩亞商安盛資訊股份有限公司台灣分公司,http://www.anselm.com.tw,30,15000000,電腦軟體服務業,電腦軟體服務業,
全球儀器科技股份有限公司,http://www.gi-techie.com/,120,300000000,其他電子零組件相關業,自動化設備/儀器控制/AI自動化系統整合,
億光電子工業股份有限公司,https://www.everlight.com/home/,5000,4400000000,光電產業,光電產業,
Mphasis Taiwan_澳大利亞商安復仕有限公司台灣分公司,https://www.mphasis.com/,200,,電腦軟體服務業,資訊服務業,
頑碼資訊有限公司,https://maiagent.ai/,20,10000000,電腦軟體服務業,AI 軟體平台開發,
建騰創達科技股份有限公司,https://www.acti.com/,130,300000000,電腦軟體服務業,"ACTi是以網路攝影機(IP Camera)為基礎, 整合Big Data大數據、Robot軟體機器人、IoT物聯網、Cloud雲端、A.I.人工智慧及5G技術, 提供給企業『商業智能』應用服務的公司",
街口電子支付股份有限公司,https://www.jkopay.com/application,200,900000000,網際網路相關業,電子支付業,
,,,,,,HTTP 400
八維智能股份有限公司,https://d8ai.com/,,200000000,電腦軟體服務業,AI技術軟體服務業,
晶心科技股份有限公司,http://www.andestech.com/,370,500000000,IC設計相關業,CPU IP設計,
就業情報資訊股份有限公司,https://www.104.com.tw/company/1a2x6bl1rs,450,200000000,人力仲介代徵,人力仲介代徵,
柏泰生醫股份有限公司,https://www.biosicht.com/,30,100000000,生化科技研發業,醫療科技服務業,
艾得利智能行銷科技股份有限公司,https://www.atelli.ai/,50,,電腦軟體服務業,數位行銷軟體資訊服務業,
優式機器人股份有限公司,https://ursrobot.ai/,50,800000000,消費性電子產品製造業,人工智慧機器人研發製造產業,
華晶科技股份有限公司,https://www.altek.com.tw/,600,5000000000,IC設計相關業,IC設計相關業,
浩園科技股份有限公司,http://www.vastgarden.net,,,電腦軟體服務業,電腦軟體服務業,
全崴科技股份有限公司,https://www.tioent.com,65,16000000,汽車及其零件製造業,製造商,
科碼新媒體股份有限公司,http://www.corma.com.tw,20,8000000,其他專業／科學及技術業,XR智慧訓練、XR智慧博物館、虛擬網紅VTuber動作捕捉虛擬製播,
EPSON_台灣愛普生科技股份有限公司,http://www.epson.com.tw,200,25000000,電腦及其週邊設備製造業,資訊服務業,
鑠銳有限公司,https://www.104.com.tw/company/1a2x6bna3f,40,2000000,電腦軟體服務業,資訊軟體,
全友電腦股份有限公司,https://www.microtek.com,250,2000000000,電腦及其週邊設備製造業,光電科技&電腦週邊相關業,
博智電子股份有限公司,https://www.accl.com.tw/,750,400000000,印刷電路板製造業(PCB),PCB印刷電路板,
晶彩科技股份有限公司,http://www.favite.com,220,700000000,半導體製造業,光學檢測設備,
PicCollage拼貼趣_美商凱德諾藍股份有限公司台灣分公司,http://piccollage.com/careers,85,5000000,其它軟體及網路相關業,其它軟體及網路相關業,
鋐寶科技股份有限公司,http://www.icbn.com.tw/,180,600000000,消費性電子產品製造業,寬頻網路產品,
旺宏電子股份有限公司,http://www.macronix.com,3900,18300000000,IC設計相關業,IC半導體研發設計、製造、行銷,
正航資訊股份有限公司,https://www.chi.com.tw/,150,30000000,電腦系統整合服務業,軟體資訊業,
英屬開曼群島商慧康生活科技股份有限公司台灣分公司,https://www.health2sync.com/,40,4000000,網際網路相關業,移動醫療(mobile health),
太豪生醫股份有限公司,http://www.taihaomed.com,30,100000000,醫療器材製造業,醫療影像人工智慧資訊服務業,
美商_科林研發股份有限公司_Lam Research,https://www.lamresearch.com/zh-hant/,1100,300000000,半導體製造業,半導體設備 / 美商Vendor,
鴻霖航空貨運代理股份有限公司,https://www.morrisonexpress.com/,1800,100000000,航空運輸輔助業,運輸物流倉儲服務業,
台灣應用材料股份有限公司 _Applied Materials Taiwan,http://www.appliedmaterials.com,3700,800000000,半導體製造業,美商半導體設備業,
伍豐科技股份有限公司,http://www.fecpos.com,220,,電腦及其週邊設備製造業,製造 / 銷售,
台灣恩傑科技股份有限公司,https://www.nzxt.com/,,,電腦及其週邊設備製造業,電腦及其週邊設備製造業,
寬頻房訊科技股份有限公司,https://www.54168.com.tw,80,500000000,不動產經營業,不動產經營業,
采鈺科技股份有限公司,http://www.viseratech.com,1450,4000000000,半導體製造業,半導體光學相關產業,
星醫美學股份有限公司,https://www.starnic.com.tw/,500,,診所,醫療美容,
全聯福利中心_全聯實業股份有限公司,http://www.pxmart.com.tw/,23000,4300000000,量販流通相關業,流通零售業,
博客來數位科技股份有限公司,http://www.books.com.tw,300,200000000,網際網路相關業,資訊服務業(電子商務),
YouBike/捷安特/巨大機械_微笑單車股份有限公司,https://www.youbike.com.tw/,1700,,自行車及其零件製造業,公共自行車租賃,
台灣櫞詢股份有限公司,https://www.104.com.tw/company/1a2x6bn4hn,20,,電腦系統整合服務業,電腦系統整合服務業,
晶睿通訊股份有限公司_台達電子集團,http://www.vivotek.com,1300,800000000,多媒體相關業,網路通訊及多媒體影像處理相關產業,
駿隆科技平台股份有限公司,https://www.gumhk.com/zh-HK,70,5000000,電腦軟體服務業,數位金融資訊,
初意智慧股份有限公司,https://www.104.com.tw/company/1a2x6bndee,3,30000000,電腦軟體服務業,電腦軟體服務業,
漢通科技股份有限公司,https://www.atemitech.com/cn/,250,,電腦及其週邊設備製造業,電腦事業、零組件事業,
公隆化學股份有限公司,http://www.kellychemical.com/,50,60000000,化學原料製造業,表面技術及特用化學品進出口，製造與銷售,
英屬開曼群島商維登牙業集團股份有限公司,https://www.veden.dental,300,300000000,醫療器材製造業,"醫療器材相關製造, 義齒專業研發、製造與銷售",
均豪精密工業股份有限公司,http://www.gpmcorp.com.tw,511,1600000000,其他半導體相關業,1.顯示器設備產業2.機器視覺、影像處理與機電整合3.智慧製造系統 4.半導體製程與檢測設備 5.AI人工智慧技術服務（上櫃公司）,
易勝資訊股份有限公司,http://www.essences.com.tw,,90000000,電腦軟體服務業,電腦軟體服務業,
祥碩科技股份有限公司,https://www.asmedia.com.tw,300,600000000,IC設計相關業,IC設計,
緯來電視網股份有限公司,http://www.videoland.com.tw,300,,電視業,G-1廣播電視及視聽工程,
博銳亞太研發股份有限公司,http://bareiss.tw,10,30000000,精密儀器相關製造業,精密儀器相關製造業,
超恩股份有限公司,http://www.vecow.com,95,50000000,電腦及其週邊設備製造業,工業電腦,
貿聯國際股份有限公司,http://www.bizlinktech.com,16000,1600000000,其他電子零組件相關業,製造業,
國立臺灣師範大學_資訊工程學系,https://www.104.com.tw/company/1prucbx,,,大專校院教育事業,大專校院教育事業,
台灣YKK股份有限公司_台灣華可貴股份有限公司,http://www.ykktaiwan.com.tw/,1656,400000000,其他紡織製品製造業,拉鏈及其他成衣副料,
力新國際科技股份有限公司,https://www.newsoft.com.tw,110,800000000,電腦軟體服務業,上櫃 - 資訊服務,
裕富數位資融股份有限公司,https://9797888.yurich.com.tw/#,370,6000000000,汽車及其零件製造業,其他金融及輔助業，機車、重型機車、各項商品分期服務,
新立資訊股份有限公司,https://www.osys.com.tw,,200000000,電腦系統整合服務業,資訊服務與AI相關之數據中台、虛擬與容器化、系統主機、網路設備、資訊安全及應用軟體之規劃、銷售、整合與技術服務。,
愛爾蘭商益華科技股份有限公司台灣分公司,http://www.cadence.com/tw,650,12100000,電腦軟體服務業,電腦軟體系統相關業,
酷客創藝股份有限公司,https://cool-medialab.com,,25010000,廣告行銷公關業,融合科技與創意，打造多感官的沈浸式體驗。同時，協助品牌經營自媒體，整合行銷策略，提升品牌效益。,
宇辰系統科技股份有限公司,http://www.yuchens.com,404,100000000,電腦系統整合服務業,電腦系統整合服務業,
陽鵬資訊股份有限公司,https://www.yampong.com.tw/,,10000000,電腦軟體服務業,軟體系統整合,
普萊德科技股份有限公司,https://www.planet.com.tw/tw,170,600000000,網際網路相關業,網路通訊設備製造,
統一綜合證券股份有限公司,https://www.pscnet.com.tw,1500,14500000000,證券及期貨業,證券及期貨業,
達亞國際股份有限公司,https://www.deltaasia.com.tw,195,300000000,醫療器材製造業,高階醫療器材製造業(2020年上櫃，股票代號6762),
大瓏企業股份有限公司,http://www.newdean.com.tw,950,500000000,醫療器材製造業,醫療器材製造業,
我愛數位科技股份有限公司,https://4itech.io/,25,10000000,電腦系統整合服務業,軟體資訊服務業,
富邦人壽保險股份有限公司(總公司),http://www.fubon.com/life/home,24000,150000000000,人身保險業,人壽保險相關業務,
文曄集團_文曄科技股份有限公司,http://www.wtmec.com,9000,20000000000,其他半導體相關業,半導體通路商,
德州儀器工業股份有限公司,http://careers.ti.com,2000,2600000000,半導體製造業,半導體相關業；類比半導體,
振興發科技有限公司,https://www.104.com.tw/company/13kwt5w8,64,12000000,其它軟體及網路相關業,環保資訊系統相關業,
台灣迪維科股份有限公司,http://www.spark-security.com.tw/,,40000000,其它軟體及網路相關業,軟體設計業,
創思達科技股份有限公司,https://www.104.com.tw/company/1a2x6bmpqi,,10000000,電腦軟體服務業,無線通訊、IC設計、系統整合、軟硬體研發,
Cooler Master_訊凱國際股份有限公司,https://www.coolermastercorp.com/,8000,800000000,電腦及其週邊設備製造業,電腦及其週邊設備製造業,
玩美移動股份有限公司,http://www.perfectcorp.com/,200,400000000,其它軟體及網路相關業,行動聯網,
外商_台灣和冠資訊科技股份有限公司,https://www.wacom.com,,18000000,電腦及其週邊設備製造業,電腦及其週邊設備製造業,
昇佳電子股份有限公司,https://www.sensortek.com.tw/,170,400000000,其他電子零組件相關業,IC設計,
捷立康生物科技股份有限公司,http://a-top.tw,10,100000000,醫療器材製造業,醫美科技醫療器材創新研發,
國泰健康管理顧問股份有限公司,https://www.cathay-hcm.com.tw/,,500000000,其他醫療保健服務業,醫療護理,
MMA PAN ASIA FUND_美商恩暐有限公司,https://www.104.com.tw/company/1a2x6biix6,,,其他金融及輔助業,其他金融及輔助業,
荷魯視科技股份有限公司,http://www.oomii.com,35,100000000,光學器材製造業,獨創 AR/MR 全像顯影技術，目標產品是AR/MR智慧眼鏡及精準醫療應用。,
國泰世華商業銀行股份有限公司,http://www.cathaybk.com.tw,10000,108600000000,銀行業,金融服務業,
新加坡商鈦坦科技股份有限公司台灣分公司,http://www.titansoft.com/tw/,300,,電腦軟體服務業,開發與維護大型跨國網站,
永冠興業股份有限公司,https://www.tongtiee.com/,60,75000000,其他金屬相關製造業,建築五金,
鴻海精密工業股份有限公司,https://www.honhai.com/,,138600000000,消費性電子產品製造業,科技服務相關業,
元太科技工業股份有限公司,http://tw.eink.com/,900,11400000000,光電產業,光電產業,
格新智能股份有限公司,http://www.iTake.space,10,25000000,電腦軟體服務業,科技業,
普匯金融科技股份有限公司,https://www.influxfin.com/,30,20000000,電腦軟體服務業,FINTECH/金融科技/系統科技軟件設計/電子商務/行銷顧問,
英屬開曼群島商萬里雲互聯股份有限公司台灣分公司,https://www.mile.cloud/,200,,電腦軟體服務業,電腦軟體服務業,
舜禹有限公司,https://www.104.com.tw/company/1a2x6bjd95,,6000000,電腦系統整合服務業,電腦系統整合服務業,
明基材料股份有限公司,http://www.benqmaterials.com/,3000,4800000000,光電產業,光學機能膜、先進電池材料、專業醫療產品、防水透氣機能織物,
迪思科高科技股份有限公司,http://www.disco.co.jp,350,30000000,其他半導體相關業,提供半導體之精密加工設備、耗材，及其技術支援、解決方案,
神盾股份有限公司,https://www.egistec.com/,250,700000000,IC設計相關業,EgisTec為一間擁有專業頂尖技術的IC設計公司,
美商網碩科技股份有限公司台灣分公司,http://ffn.com/,70,2000000,網際網路相關業,網際網路相關業,
億力資訊股份有限公司,http://www.elitechtw.com,180,100000000,電腦軟體服務業,資訊軟體服務業,
宇萌數位科技股份有限公司,https://www.arplanet.com.tw,50,,其它軟體及網路相關業,AR擴增實境/互動科技廠商/體感軟體研發商/軟體出版/APP開發商/Facebook camera開發商/網頁開發,
鯨鏈科技股份有限公司,https://www.whalechip.com/,,43500000,IC設計相關業,IC設計,
聯發科技集團_立錡科技股份有限公司,http://www.richtek.com,1300,1400000000,IC設計相關業,IC 設計業,
新馳科技股份有限公司,https://www.gallopwave.com/,40,50000000,電腦軟體服務業,軟體設計服務業,
興城科技股份有限公司,http://www.centrumtw.com,,200000000,其他半導體相關業,半導體科技服務,
東聯化學股份有限公司,https://www.oucc.com.tw,360,8800000000,化學原料製造業,石化原料生產、銷售及服務,
美商美創資通股份有限公司台灣分公司,http://www.metropia.com,,15000000,其它軟體及網路相關業,"交通大數據分析應用, 城市交通疏導, 環保共乘等相關服務",
中磊電子股份有限公司,http://www.sercomm.com,6500,2300000000,其他電信及通訊相關業,網通科技產業,
瑞思登科技股份有限公司,https://www.rstn.com,,40000000,電腦軟體服務業,資訊服務業,
阿爾發證券投資顧問股份有限公司,https://roboadvisor.com.tw/,30,100000000,證券及期貨業,金融證券投資顧問 | 機器人理財 | ETF投資組合,
Inventec_英業達股份有限公司,http://www.inventec.com/,6000,30000000000,電腦及其週邊設備製造業,電腦系統製造業,
叡盈實業股份有限公司,https://www.104.com.tw/company/1a2x6bmra4,25,6000000,自動控制相關業,自動控制相關業,
意藍資訊股份有限公司,http://www.eland.com.tw,100,100000000,網際網路相關業,資訊服務業,
麥迪創科技股份有限公司,https://www.mindtronicai.com,20,25000000,其它軟體及網路相關業,A.I. solutions and product manufacturing for automotive,
訊連科技股份有限公司,http://www.cyberlink.com,400,1600000000,其它軟體及網路相關業,軟體開發設計/系統整合,
崴拓資訊有限公司,https://www.104.com.tw/company/1a2x6bmmjk,30,2000000,電腦軟體服務業,電腦軟體服務業,
穩態光電科技股份有限公司,https://www.wentaitek.com,600,200000000,其他電子零組件相關業,"電子相關製造業 ;LED電源,工業電源研發與製造;智慧照明設備研發製造",
州巧科技股份有限公司,https://www.jochu.com/,1100,800000000,精密儀器相關製造業,製造業,
樂必得有限公司,https://rcs.com.tw,,,電腦系統整合服務業,提供各種資安整合服務,
昀揚科技股份有限公司,https://cloudraise.com/,,,電腦軟體服務業,電腦軟體服務業,
陽程科技股份有限公司,http://www.usuntek.com,700,600000000,電力機械器材製造修配業,"自動控制相關產業771,904,640",
"Cosen Mechatronics Co., Ltd_高聖精密機電股份有限公司",http://www.cosen.com,150,100000000,其他機械製造修配業,機械製造業,
瑞軒科技股份有限公司,http://www.amtran.com.tw/,2400,12000000000,消費性電子產品製造業,電子相關製造業,
代碼科技有限公司,https://www.104.com.tw/company/1a2x6bl6ec,,20000000,電腦軟體服務業,手遊APP和網頁產品開發和技術諮詢服務,
閎康科技股份有限公司,https://www.matek.com,750,600000000,半導體製造業,半導體相關行業,
達宣智慧股份有限公司,https://www.mtsc.ai/,,300000000,醫療器材製造業,高階醫材開發,
關貿網路股份有限公司,http://www.trade-van.com/,670,1500000000,電腦系統整合服務業,應用軟體服務（ASP）供應業,
睿至股份有限公司,https://www.funique.tv/,26,20000000,數位內容產業,數位內容產業,
英屬維京群島商捷興數位有限公司台灣分公司,http://www.jsync01.com,,,電腦系統整合服務業,電腦系統整合服務業,
捷揚航電股份有限公司,https://www.liscotech.com,30,29160000,電腦及其週邊設備製造業,電腦及其週邊設備製造業,
浩利影音行銷有限公司,https://crebinsky.com,15,1000000,廣告行銷公關業,廣告行銷公關業,
雷泰光電股份有限公司,https://www.lasertec.co.jp,260,23000000,半導體製造業,半導體相關產業,
麗臺科技股份有限公司,https://www.leadtek.com/cht/,160,800000000,電腦及其週邊設備製造業,電腦週邊相關產業,
璞藝資訊股份有限公司,https://www.pro2e.com.tw,7,5000000,電腦系統整合服務業,電腦系統整合服務業,
三立電視台_三立電視股份有限公司,https://www.settv.com.tw/#!/,1500,500000000,電視業,電視台 / 有線電視,
ULTRON 奧創_薩摩亞商奧創物聯有限公司台灣分公司,https://www.104.com.tw/company/1a2x6bkj0g,,200000000,網際網路相關業,奧創﹒智慧你的生活（IoT 物聯網、軟體技術、網際網路）,
沛然資訊有限公司,http://www.risksoft.com,15,29500000,電腦軟體服務業,金融市場量化分析模型,
電通商業顧問股份有限公司,https://www.104.com.tw/company/1a2x6bj0nz,,100000000,工商顧問服務業,廣告行銷公關業,
台灣康寧顯示玻璃股份有限公司,http://www.corning.com/tw/tc/index.aspx,,,玻璃及玻璃製品製造業,光電玻璃業,
亞洲指標數位行銷顧問股份有限公司,https://www.i-buzz.com.tw,100,30000000,廣告行銷公關業,國內網路語料大數據分析的領導品牌，資料源包含新聞、週刊、雜誌、論壇、PTT、臉書、IG、Youtube等媒體、平台。應用在政策輿情、商業口碑或消費者研究，都佔有領導的地位。,
中國端子電業股份有限公司,http://www.ctetechcorp.com,430,800000000,其他運輸工具及零件製造修配業,汽機車及自行車相關業、電子相關產業,
日月光半導體製造股份有限公司中壢分公司,https://events.104.com.tw/ase/20240703171908/,11000,95000000000,半導體製造業,半導體製造業,
台灣美光(台灣美光晶圓科技股份有限公司/台灣美光記憶體股份有限公司/美商美光亞太科技股份有限公司台灣分公司),http://tw.micron.com/,9000,65900000000,半導體製造業,高科技/半導體業,
安然科技有限公司,https://artsolutions.io/,30,5000000,電腦軟體服務業,企業軟體諮詢及導入服務、生成式 AI 智慧解決方案,
55688集團_台灣智慧生活網股份有限公司,https://www.104.com.tw/company/1a2x6bj4q0,165,60000000,網際網路相關業,透過數據應用、AI技術、共享資源打造「新生活服務生態圈」，成為最佳生活媒合平台,
台灣百應生物科技股份有限公司,https://calyxtechs.com/,25,100000000,其他電子零組件相關業,其他電子零組件相關業,
易發精機股份有限公司,https://www.efctw.com,250,400000000,自動控制相關業,高科技自動化設備設計、製造、銷售,
台灣智慧雲端服務股份有限公司,https://tws.twcc.ai/,70,300000000,電腦軟體服務業,大數據分析運算、雲端服務營運、AI解決方案,
翔探科技股份有限公司,https://www.aeroprobing.com,19,43000000,通訊機械器材相關業,航電系統研發製造、人工智慧、無人飛行載具系統、大型系統整合。,
PHOENIX TECHNOLOGIES INC_美商費尼克斯有限公司台灣分公司,https://www.phoenix.com/,200,,電腦軟體服務業,電腦軟體服務業,
律果科技股份有限公司,http://legalsign.tw/,9,30000000,電腦軟體服務業,電腦軟體服務業,
柏瑞醫股份有限公司,http://www.biomedica.ai,40,200000000,電腦系統整合服務業,生醫科技研發業、智慧醫療業,
